ticker,company,sector,meeting_year,form,filing_date,accession,n_words,n_sentences,theme_integrity_responsibility,theme_operational_excellence,theme_innovation_science,theme_people_talent,theme_diversity_inclusion,theme_customer_client_focus,theme_community_social_good,theme_environmental_stewardship,theme_leadership_governance,theme_human_progress_wellbeing,theme_profitable_growth,theme_heritage_longevity,theme_safety,dominant_theme_classical,dominant_theme_distinctive,tone_positive,tone_negative,tone_uncertainty,net_tone,avg_sentence_len,flesch_reading_ease,sim_to_prev,llm_themes,llm_dominant_theme,llm_stakeholder_orientation,llm_summary
AMZN,Amazon,Consumer Discretionary,2016,DEF 14A,2016-04-05,0001193125-16-530747,18124,989,3.311,1.435,1.71,3.145,1.048,3.476,0.662,2.373,26.539,0.331,7.78,0.055,0.276,leadership_governance,customer_client_focus,9.49,2.483,9.049,0.585,18.33,33.7,,leadership_governance|integrity_responsibility|profitable_growth,leadership_governance,shareholder_primacy,"Amazon's proxy emphasizes sound corporate governance, board oversight, and long-term shareholder value creation through effective leadership structures and committee oversight."
AMZN,Amazon,Consumer Discretionary,2017,DEF 14A,2017-04-12,0001193125-17-120195,26300,1197,2.205,2.966,1.749,4.259,0.875,3.764,0.646,2.205,24.639,0.19,8.441,0.0,0.152,leadership_governance,people_talent,9.354,2.776,10.038,0.542,21.97,31.4,0.9303,leadership_governance|profitable_growth|environmental_stewardship|community_social_good|integrity_responsibility|diversity_inclusion,leadership_governance,shareholder_primacy,"Amazon's Board prioritizes strong governance, shareholder value creation, and independent oversight while acknowledging but deprioritizing sustainability considerations in executive compensation."
AMZN,Amazon,Consumer Discretionary,2018,DEF 14A,2018-04-18,0001193125-18-121077,19780,993,2.275,1.769,2.022,3.691,2.427,3.488,0.202,0.455,35.389,0.0,10.212,0.0,0.0,leadership_governance,people_talent,9.757,2.831,8.847,0.55,19.92,32.7,0.9408,leadership_governance|diversity_inclusion|profitable_growth,leadership_governance,shareholder_primacy,"The company emphasizes strong corporate governance, board independence, and oversight structures designed to build long-term shareholder value while increasingly recognizing board diversity as a governance best practice."
AMZN,Amazon,Consumer Discretionary,2019,DEF 14A,2019-04-11,0001193125-19-102995,32231,1643,2.234,1.955,3.537,4.064,3.816,5.274,0.589,4.437,25.938,0.403,10.114,0.155,0.155,leadership_governance,customer_client_focus,9.525,3.072,9.68,0.512,19.62,30.2,0.8463,leadership_governance|diversity_inclusion|integrity_responsibility|profitable_growth|environmental_stewardship|safety,leadership_governance,balanced,"Amazon emphasizes strong independent board governance, diversity and inclusion as sound corporate practice, environmental sustainability, and shareholder value, while addressing employee safety and civil rights concerns raised by shareholders regarding facial recognition technology."
AMZN,Amazon,Consumer Discretionary,2020,DEF 14A,2020-04-16,0001193125-20-108422,40958,2102,2.783,1.538,3.443,5.835,4.956,5.127,3.101,4.639,23.951,0.903,8.765,0.146,0.537,leadership_governance,people_talent,9.717,2.954,8.985,0.534,19.49,28.3,0.9359,leadership_governance|diversity_inclusion|environmental_stewardship|integrity_responsibility|profitable_growth|community_social_good|safety,leadership_governance,balanced,"Amazon emphasizes strong independent Board oversight, diversity and inclusion across leadership and the workforce, environmental sustainability commitments including net-zero carbon goals, and responsible stakeholder engagement to build long-term shareholder value."
AMZN,Amazon,Consumer Discretionary,2021,DEF 14A,2021-04-15,0001104659-21-050333,49630,2457,2.539,1.39,3.99,8.301,7.314,6.448,2.861,3.909,20.895,1.632,6.669,0.101,1.572,leadership_governance,people_talent,11.062,2.156,7.757,0.674,20.2,27.3,0.9465,diversity_inclusion|environmental_stewardship|leadership_governance|people_talent|safety|profitable_growth|community_social_good,leadership_governance,balanced,"Amazon emphasizes strong corporate governance, board independence, and diversity alongside commitments to employee safety, environmental sustainability, and long-term shareholder value creation."
AMZN,Amazon,Consumer Discretionary,2022,DEF 14A,2022-04-14,0001104659-22-045572,71554,3689,2.865,1.705,3.648,9.699,6.848,4.919,2.669,4.598,16.561,2.404,6.666,0.335,3.815,leadership_governance,people_talent,11.963,2.683,7.463,0.634,19.4,28.8,0.9721,diversity_inclusion|leadership_governance|environmental_stewardship|safety|people_talent|human_progress_wellbeing|community_social_good|profitable_growth,leadership_governance,balanced,"Amazon emphasizes strong corporate governance, board diversity, workplace safety, environmental sustainability, and employee well-being while maintaining focus on long-term shareholder value creation."
AMZN,Amazon,Consumer Discretionary,2023,DEF 14A,2023-04-13,0001104659-23-044708,78817,4004,3.768,1.954,2.842,7.346,4.568,5.227,1.738,4.314,17.509,1.446,7.816,0.495,2.538,leadership_governance,people_talent,11.419,3.438,8.793,0.537,19.68,29.2,0.9662,diversity_inclusion|environmental_stewardship|leadership_governance|people_talent|community_social_good|safety|profitable_growth|integrity_responsibility,diversity_inclusion,stakeholder_oriented,"Amazon emphasizes diversity, inclusion, environmental sustainability, strong governance, employee well-being, and community responsibility as core commitments serving all stakeholders while building long-term shareholder value."
AMZN,Amazon,Consumer Discretionary,2024,DEF 14A,2024-04-11,0001104659-24-045910,71075,3449,4.544,2.153,4.516,7.147,4.502,5.951,2.73,5.543,20.204,1.576,7.696,0.352,2.912,leadership_governance,people_talent,11.002,3.63,9.075,0.504,20.61,26.1,0.9545,diversity_inclusion|leadership_governance|safety|environmental_stewardship|community_social_good|people_talent|integrity_responsibility|human_progress_wellbeing,leadership_governance,balanced,"Amazon emphasizes strong board governance, diversity and inclusion, workplace safety, environmental sustainability, and stakeholder engagement while asserting fiduciary duties to shareholders and resisting additional oversight proposals."
F,Ford Motor,Consumer Discretionary,2016,DEF 14A,2016-04-01,0001047469-16-011835,69794,3006,2.421,4.012,0.989,2.063,1.275,2.335,0.272,0.63,16.878,0.272,6.003,0.129,0.086,leadership_governance,operational_excellence,9.657,1.748,5.559,0.693,23.22,35.1,,,,,
F,Ford Motor,Consumer Discretionary,2017,DEF 14A,2017-03-31,0001047469-17-002228,39746,2466,2.742,6.944,1.635,3.371,2.29,3.824,0.302,1.132,27.047,0.604,7.221,0.252,0.075,leadership_governance,operational_excellence,13.712,1.409,6.164,0.814,16.12,35.4,0.788,,,,
F,Ford Motor,Consumer Discretionary,2018,DEF 14A,2018-03-29,0001047469-18-002333,59868,3109,2.255,7.149,1.269,4.159,1.704,3.19,0.184,1.47,22.499,0.301,6.23,0.234,0.15,leadership_governance,operational_excellence,11.024,1.737,8.068,0.728,19.26,35.3,0.9317,,,,
F,Ford Motor,Consumer Discretionary,2019,DEF 14A,2019-03-29,0001047469-19-001743,73457,3198,2.518,4.111,1.021,2.614,1.484,2.328,0.299,0.817,16.581,0.191,5.963,0.177,0.123,leadership_governance,operational_excellence,9.339,1.661,6.153,0.698,22.97,34.3,0.8592,,,,
F,Ford Motor,Consumer Discretionary,2020,DEF 14A,2020-04-03,0001047469-20-002039,44485,2668,2.855,7.306,1.888,4.339,2.585,4.069,0.315,1.416,25.02,0.315,5.777,0.225,0.225,leadership_governance,operational_excellence,12.521,1.843,8.093,0.743,16.67,34.6,0.7939,,,,
F,Ford Motor,Consumer Discretionary,2021,DEF 14A,2021-04-01,0001047469-21-000813,53600,3000,2.892,8.451,1.381,4.216,2.799,4.011,0.597,1.213,22.668,0.522,5.634,0.224,0.354,leadership_governance,operational_excellence,12.519,1.604,6.959,0.773,17.87,33.5,0.9763,,,,
F,Ford Motor,Consumer Discretionary,2022,DEF 14A,2022-04-01,0001104659-22-041499,80881,3311,2.695,4.686,1.162,3.215,1.793,3.153,0.371,0.878,16.629,0.185,5.267,0.235,0.148,leadership_governance,operational_excellence,9.99,1.62,6.837,0.721,24.43,33.1,0.8332,,,,
F,Ford Motor,Consumer Discretionary,2023,DEF 14A,2023-03-31,0001558370-23-005203,60740,2849,2.684,4.511,1.465,4.774,3.441,5.104,0.313,1.399,22.308,0.329,5.976,0.23,0.313,leadership_governance,customer_client_focus,11.08,1.613,8.215,0.746,21.32,30.2,0.8877,,,,
F,Ford Motor,Consumer Discretionary,2024,DEF 14A,2024-03-29,0001104659-24-040871,56944,2927,3.354,3.986,1.703,4.583,2.81,4.952,0.386,2.301,24.041,0.474,6.111,0.281,0.316,leadership_governance,customer_client_focus,12.345,2.037,8.113,0.717,19.45,33.0,0.9745,,,,
HD,Home Depot,Consumer Discretionary,2016,DEF 14A,2016-04-04,0001193125-16-529376,34703,1793,2.132,6.973,0.807,2.046,3.429,5.331,0.432,0.173,27.606,0.836,8.213,0.231,0.058,leadership_governance,operational_excellence,8.443,1.556,5.936,0.689,19.35,33.4,,leadership_governance|profitable_growth|integrity_responsibility|diversity_inclusion,leadership_governance,shareholder_primacy,"The company emphasizes strong corporate governance, Board independence, and risk oversight as foundational to shareholder value creation and long-term financial performance."
HD,Home Depot,Consumer Discretionary,2017,DEF 14A,2017-04-03,0001193125-17-108511,38282,1955,2.168,6.975,0.888,1.959,3.396,5.251,0.47,0.209,28.656,0.731,8.359,0.235,0.078,leadership_governance,operational_excellence,9.195,1.411,5.564,0.734,19.58,33.1,0.9861,profitable_growth|leadership_governance|integrity_responsibility,leadership_governance,shareholder_primacy,The company emphasizes strong corporate governance and independent board oversight while returning shareholder value through dividends and buybacks.
HD,Home Depot,Consumer Discretionary,2018,DEF 14A,2018-04-02,0001193125-18-104990,40301,2098,2.407,6.848,0.819,2.035,3.648,5.186,0.521,0.199,28.684,0.447,8.337,0.223,0.025,leadership_governance,operational_excellence,9.082,1.737,6.129,0.679,19.21,33.0,0.9874,profitable_growth|leadership_governance|diversity_inclusion,leadership_governance,shareholder_primacy,"The Home Depot emphasizes strong corporate governance through independent Board oversight, shareholder value creation via dividends and repurchases, and board diversity while maintaining a combined Chairman-CEO structure with a Lead Director."
HD,Home Depot,Consumer Discretionary,2019,DEF 14A,2019-04-08,0000354950-19-000014,41000,2163,3.049,6.683,0.976,2.39,4.366,5.098,0.488,0.463,28.049,0.39,8.902,0.073,0.073,leadership_governance,operational_excellence,9.78,1.488,6.61,0.736,18.96,34.0,0.9768,leadership_governance|integrity_responsibility,leadership_governance,shareholder_primacy,"Home Depot emphasizes strong corporate governance through independent board oversight, robust policies, and sound management accountability to protect shareholder interests and long-term company success."
HD,Home Depot,Consumer Discretionary,2020,DEF 14A,2020-04-06,0000354950-20-000024,44500,2333,2.652,6.674,1.101,2.337,4.607,4.921,0.449,0.674,25.573,0.494,9.416,0.112,0.09,leadership_governance,operational_excellence,9.663,1.663,6.652,0.706,19.07,34.1,0.9844,profitable_growth|leadership_governance|integrity_responsibility,profitable_growth,shareholder_primacy,The company prioritizes returning excess cash to shareholders through repurchases while maintaining strong corporate governance and ethical conduct.
HD,Home Depot,Consumer Discretionary,2021,DEF 14A,2021-04-05,0000354950-21-000116,43167,2192,3.591,6.556,1.042,2.247,3.266,5.027,0.649,0.857,26.409,0.718,9.452,0.093,0.301,leadership_governance,operational_excellence,9.66,1.39,6.927,0.748,19.69,32.8,0.9812,profitable_growth|customer_client_focus|people_talent|innovation_science|operational_excellence|integrity_responsibility|leadership_governance|safety,profitable_growth,balanced,"The Home Depot emphasizes shareholder value creation and profitable growth while balancing commitments to customer service excellence, associate development, operational innovation, strong governance, safety, and ethical culture."
HD,Home Depot,Consumer Discretionary,2022,DEF 14A,2022-04-04,0000354950-22-000116,61259,2961,2.171,6.954,0.914,2.612,4.195,4.44,0.8,1.094,25.759,0.441,7.934,0.131,0.18,leadership_governance,operational_excellence,10.235,1.583,8.652,0.732,20.69,33.9,0.9654,people_talent|diversity_inclusion|customer_client_focus|leadership_governance|integrity_responsibility|community_social_good,people_talent,stakeholder_oriented,"The Home Depot emphasizes a servant-leadership culture that prioritizes frontline associates and customers, values diversity and inclusion across the organization, and believes strong board diversity and inclusive talent development drive competitive advantage and long-term shareholder value."
HD,Home Depot,Consumer Discretionary,2023,DEF 14A,2023-04-03,0000354950-23-000101,50560,2537,2.492,6.685,1.028,2.037,3.956,4.688,0.732,0.87,27.967,0.356,9.177,0.178,0.198,leadership_governance,operational_excellence,10.621,1.424,6.922,0.764,19.93,31.3,0.9339,people_talent|customer_client_focus|leadership_governance|integrity_responsibility,people_talent,balanced,"The Home Depot's culture prioritizes employees and customers through servant leadership, strong governance oversight, and values-driven performance that attract and retain talent while delivering superior customer experiences."
HD,Home Depot,Consumer Discretionary,2024,DEF 14A,2024-04-01,0000354950-24-000108,50252,2486,3.124,5.632,0.975,2.388,3.602,4.696,1.672,1.95,24.477,0.438,8.219,0.159,0.199,leadership_governance,operational_excellence,9.83,1.95,7.363,0.669,20.21,30.9,0.9438,integrity_responsibility|leadership_governance|people_talent|diversity_inclusion|customer_client_focus|community_social_good|profitable_growth,leadership_governance,balanced,"The Home Depot emphasizes servant leadership, strong board governance, and a culture centered on customers and associates, while maintaining alignment with shareholder interests through equity-based compensation and oversight mechanisms."
LOW,Lowe's,Consumer Discretionary,2016,DEF 14A,2016-04-11,0001193125-16-536350,36960,1735,2.11,5.898,0.541,3.598,1.163,3.923,0.46,1.407,32.873,0.514,8.956,0.135,0.271,leadership_governance,operational_excellence,9.713,1.245,5.628,0.773,21.3,29.5,,,,,
LOW,Lowe's,Consumer Discretionary,2017,DEF 14A,2017-04-21,0001193125-17-131092,32800,1539,2.134,5.183,0.305,3.323,1.402,3.75,0.335,2.5,36.829,0.488,7.988,0.152,0.213,leadership_governance,operational_excellence,10.152,1.341,5.091,0.767,21.31,27.8,0.9718,,,,
LOW,Lowe's,Consumer Discretionary,2018,DEF 14A,2018-04-20,0001193125-18-123722,33356,1616,2.189,5.007,0.33,3.777,1.589,3.987,0.42,0.48,40.472,0.48,9.144,0.15,0.27,leadership_governance,operational_excellence,10.463,1.229,5.546,0.79,20.64,28.7,0.9823,,,,
LOW,Lowe's,Consumer Discretionary,2019,DEF 14A,2019-04-18,0001193125-19-110021,35716,1898,2.072,5.824,0.98,3.808,1.82,3.836,0.476,0.952,35.502,0.588,7.28,0.14,0.168,leadership_governance,operational_excellence,10.611,1.148,5.04,0.805,18.82,30.8,0.9417,,,,
LOW,Lowe's,Consumer Discretionary,2020,DEF 14A,2020-04-16,0001193125-20-108770,40619,1880,2.191,4.628,1.354,5.17,1.354,3.397,0.591,1.034,31.365,0.591,9.281,0.123,0.148,leadership_governance,people_talent,9.232,1.526,6.081,0.716,21.61,28.7,0.9347,,,,
LOW,Lowe's,Consumer Discretionary,2021,DEF 14A,2021-04-15,0001193125-21-117203,40066,1764,2.471,5.765,1.298,4.243,2.521,4.368,0.998,2.221,33.844,0.699,9.235,0.25,0.574,leadership_governance,operational_excellence,11.83,1.373,6.489,0.792,22.71,25.3,0.9564,,,,
LOW,Lowe's,Consumer Discretionary,2022,DEF 14A,2022-04-14,0001193125-22-105006,60974,2642,2.099,5.068,1.0,4.904,3.608,3.28,0.607,1.755,27.159,0.886,8.003,0.148,0.246,leadership_governance,operational_excellence,10.955,1.591,7.659,0.746,23.08,27.3,0.931,,,,
LOW,Lowe's,Consumer Discretionary,2023,DEF 14A,2023-04-13,0001193125-23-099980,43154,1958,2.526,5.608,1.46,3.291,2.688,3.615,0.487,2.503,38.814,0.649,8.991,0.232,0.209,leadership_governance,operational_excellence,12.977,1.112,6.813,0.842,22.04,25.2,0.9199,,,,
LOW,Lowe's,Consumer Discretionary,2024,DEF 14A,2024-04-18,0001193125-24-100050,40688,1771,2.482,5.776,1.376,3.834,2.212,3.908,0.762,2.949,36.718,0.713,8.209,0.172,0.32,leadership_governance,operational_excellence,12.534,0.836,6.513,0.875,22.97,24.6,0.9895,,,,
MCD,McDonald's,Consumer Discretionary,2016,DEF 14A,2016-04-15,0000063908-16-000113,33190,1614,2.712,5.212,0.362,1.537,2.049,4.188,0.572,0.783,27.84,0.663,13.257,0.03,0.06,leadership_governance,operational_excellence,10.063,1.868,6.086,0.687,20.56,28.5,,leadership_governance|diversity_inclusion|integrity_responsibility|operational_excellence,leadership_governance,balanced,"McDonald's emphasizes strong corporate governance through independent board oversight, director diversity and qualifications, rigorous risk management, and transparent accountability mechanisms that support effective stewardship of the company."
MCD,McDonald's,Consumer Discretionary,2017,DEF 14A,2017-04-13,0001206774-17-001192,48143,2072,2.472,4.507,0.478,2.409,2.223,4.009,0.976,1.309,28.249,0.935,11.383,0.042,0.125,leadership_governance,operational_excellence,9.493,1.932,7.374,0.662,23.24,28.8,0.9179,leadership_governance|profitable_growth|diversity_inclusion,leadership_governance,shareholder_primacy,"The company emphasizes strong, independent Board governance and shareholder value creation through robust director selection, oversight processes, and fiduciary responsibility to shareholders."
MCD,McDonald's,Consumer Discretionary,2018,DEF 14A,2018-04-12,0001206774-18-001176,35074,1648,3.421,4.562,0.912,2.281,2.652,4.932,1.654,2.566,32.389,1.169,11.975,0.114,0.143,leadership_governance,customer_client_focus,12.545,1.169,7.527,0.83,21.28,28.2,0.9333,leadership_governance|profitable_growth|diversity_inclusion,leadership_governance,shareholder_primacy,"The company emphasizes strong independent leadership, robust corporate governance structures, and diverse Board composition designed to enhance shareholder value and represent shareholders' best interests."
MCD,McDonald's,Consumer Discretionary,2019,DEF 14A,2019-04-11,0001206774-19-001299,34257,1521,2.744,4.758,1.08,2.598,2.656,5.546,0.555,1.985,35.788,0.876,12.289,0.204,0.058,leadership_governance,customer_client_focus,13.194,1.255,6.977,0.826,22.52,25.9,0.9741,leadership_governance|diversity_inclusion|integrity_responsibility|profitable_growth|people_talent|community_social_good,leadership_governance,balanced,"McDonald's emphasizes strong, independent Board governance with diversity, accountability, and sound oversight balanced with commitment to shareholders, employees, customers, and communities."
MCD,McDonald's,Consumer Discretionary,2020,DEF 14A,2020-04-09,0001206774-20-001117,48876,2086,2.107,3.171,0.737,3.028,2.21,4.747,0.389,1.207,29.585,1.207,9.166,0.246,0.143,leadership_governance,customer_client_focus,13.156,1.575,7.284,0.786,23.43,28.3,0.9155,leadership_governance|diversity_inclusion|people_talent|integrity_responsibility|profitable_growth,leadership_governance,balanced,"McDonald's emphasizes strong corporate governance, board diversity and independence, talent development, and sound succession planning while framing these practices as benefiting both the company's long-term success and shareholder interests."
MCD,McDonald's,Consumer Discretionary,2021,DEF 14A,2021-04-08,0001206774-21-001039,37036,1725,2.889,3.942,0.837,2.943,3.726,4.671,1.269,1.485,32.293,2.025,12.285,0.459,0.486,leadership_governance,customer_client_focus,13.446,1.323,6.831,0.821,21.47,26.0,0.9174,diversity_inclusion|leadership_governance|people_talent|integrity_responsibility|community_social_good|environmental_stewardship|profitable_growth,leadership_governance,balanced,"The company emphasizes strong corporate governance, board diversity and refreshment, human capital management, and sustainability alongside shareholder value creation and accountability."
MCD,McDonald's,Consumer Discretionary,2022,DEFC14A,2022-04-08,0001206774-22-001058,56774,2768,4.139,3.435,1.145,3.875,3.452,3.576,1.938,2.589,27.618,2.202,8.965,0.299,0.845,leadership_governance,integrity_responsibility,14.338,1.885,6.341,0.768,20.51,28.6,0.9327,integrity_responsibility|operational_excellence|people_talent|diversity_inclusion|customer_client_focus|community_social_good|environmental_stewardship|leadership_governance|safety|profitable_growth,leadership_governance,balanced,"McDonald's emphasizes strong corporate governance, board independence, and diversity while balancing shareholder accountability with commitments to food safety, employee development, community support, and sustainable practices across its operations and supply chain."
MCD,McDonald's,Consumer Discretionary,2023,DEF 14A,2023-04-14,0001558370-23-005957,51146,2523,4.145,3.93,1.603,3.969,3.441,3.676,1.584,2.072,27.509,2.033,8.427,0.411,0.508,leadership_governance,integrity_responsibility,15.29,1.701,6.687,0.8,20.27,26.5,0.9379,leadership_governance|diversity_inclusion|people_talent|integrity_responsibility,leadership_governance,balanced,"The company emphasizes strong corporate governance through independent board oversight, board refreshment with diverse talent, shareholder engagement, and robust internal controls while advancing diversity, equity, and human capital management initiatives."
MCD,McDonald's,Consumer Discretionary,2024,DEF 14A,2024-04-08,0001558370-24-004818,55024,2627,3.798,4.053,1.581,3.271,2.635,3.38,1.745,1.527,29.024,1.654,8.542,0.309,0.509,leadership_governance,operational_excellence,14.212,1.508,6.325,0.808,20.95,27.6,0.9645,leadership_governance|integrity_responsibility|community_social_good|operational_excellence|people_talent|profitable_growth,leadership_governance,balanced,"McDonald's emphasizes strong corporate governance, board oversight, and risk management while balancing shareholder interests with responsibility toward employees, communities, and sustainability matters."
NKE,Nike,Consumer Discretionary,2016,DEF 14A,2016-07-25,0000320187-16-000339,29584,1795,2.062,6.253,0.777,4.834,1.622,2.738,0.473,0.406,27.887,0.203,6.896,0.135,0.0,leadership_governance,operational_excellence,8.282,1.521,7.403,0.69,16.48,38.6,,leadership_governance|integrity_responsibility,leadership_governance,balanced,"Nike emphasizes sound corporate governance through a well-structured board with independent oversight, clear committee responsibilities, and ethical conduct standards that balance shareholder interests with broader accountability to the company and its stakeholders."
NKE,Nike,Consumer Discretionary,2017,DEF 14A,2017-07-25,0000320187-17-000127,29366,1711,2.213,7.321,0.647,3.303,1.669,2.486,0.511,0.306,28.707,0.102,8.309,0.136,0.0,leadership_governance,operational_excellence,6.674,1.532,7.628,0.627,17.16,36.6,0.9657,leadership_governance|integrity_responsibility,leadership_governance,balanced,"Nike emphasizes strong corporate governance through independent board leadership, robust committee oversight, and ethical conduct standards applied to all directors and employees, balanced with sound fiduciary responsibility to shareholders and the business."
NKE,Nike,Consumer Discretionary,2018,DEF 14A,2018-07-25,0000320187-18-000144,27279,1720,3.556,5.755,0.88,5.022,2.016,3.043,0.513,1.136,29.18,0.147,7.185,0.073,0.0,leadership_governance,operational_excellence,7.735,1.503,7.258,0.675,15.86,36.9,0.9796,leadership_governance|integrity_responsibility|diversity_inclusion,leadership_governance,balanced,"Nike emphasizes sound corporate governance through independent board oversight, ethical conduct standards, and inclusive director selection practices that value diverse perspectives and qualifications."
NKE,Nike,Consumer Discretionary,2019,DEF 14A,2019-07-23,0000320187-19-000053,25723,1567,4.082,5.365,1.283,5.054,2.721,4.043,0.661,1.438,33.083,0.156,6.453,0.117,0.0,leadership_governance,operational_excellence,7.192,1.011,7.309,0.754,16.42,35.2,0.9636,leadership_governance|diversity_inclusion|profitable_growth|integrity_responsibility|community_social_good|environmental_stewardship|people_talent,leadership_governance,balanced,"Nike emphasizes strong corporate governance, board diversity and expertise, and responsible stewardship of long-term shareholder value alongside commitment to sustainability, community impact, and employee engagement."
NKE,Nike,Consumer Discretionary,2020,DEF 14A,2020-07-24,0000320187-20-000049,40179,2114,2.788,3.509,0.796,4.206,1.518,3.758,0.548,0.871,24.69,0.274,6.496,0.075,0.025,leadership_governance,people_talent,7.715,1.369,7.939,0.699,19.01,36.4,0.91,leadership_governance|diversity_inclusion|integrity_responsibility,leadership_governance,balanced,"Nike emphasizes strong corporate governance through independent board leadership, director qualification and diversity standards, and robust oversight of risks including social responsibility, sustainability, and workplace practices."
NKE,Nike,Consumer Discretionary,2021,DEF 14A,2021-08-09,0000320187-21-000035,36535,1767,4.598,4.571,2.217,7.034,6.733,3.339,0.849,2.299,26.03,1.259,8.157,0.246,0.246,leadership_governance,people_talent,10.374,1.642,6.815,0.727,20.68,28.7,0.8893,leadership_governance|profitable_growth|operational_excellence,leadership_governance,shareholder_primacy,"NIKE emphasizes strong corporate governance and disciplined leadership as essential to navigating disruption, executing strategy, and creating long-term shareholder value responsibly and sustainably."
NKE,Nike,Consumer Discretionary,2022,DEF 14A,2022-07-21,0000320187-22-000041,35611,1747,3.454,3.959,1.32,6.374,1.994,3.005,0.646,1.881,24.711,0.73,7.75,0.14,0.225,leadership_governance,people_talent,8.312,1.067,8.031,0.772,20.38,32.7,0.922,leadership_governance|profitable_growth|heritage_longevity,leadership_governance,shareholder_primacy,"NIKE emphasizes strong governance practices, long-term shareholder value creation, and pride in its 50-year heritage while executing strategic transformation."
NKE,Nike,Consumer Discretionary,2023,DEF 14A,2023-07-20,0000320187-23-000040,35427,1578,4.121,4.206,1.468,5.702,5.815,3.105,0.847,2.286,26.787,1.327,8.214,0.254,0.282,leadership_governance,diversity_inclusion,10.246,1.355,7.508,0.766,22.45,27.6,0.9317,innovation_science|leadership_governance|diversity_inclusion|profitable_growth,leadership_governance,balanced,"Nike emphasizes strong corporate governance, board diversity and expertise, transparency with shareholders, and innovation as drivers of sustained business growth and stakeholder value."
NKE,Nike,Consumer Discretionary,2024,DEF 14A,2024-07-25,0000320187-24-000045,36303,1644,4.104,3.856,1.35,4.848,4.848,3.168,0.937,2.066,26.141,1.212,8.952,0.275,0.248,leadership_governance,people_talent,10.137,2.038,7.52,0.665,22.08,28.0,0.9717,leadership_governance|profitable_growth,leadership_governance,shareholder_primacy,"Nike's proxy emphasizes strong corporate governance, board independence and refreshment, and shareholder engagement to enable sustained business growth and shareholder value."
SBUX,Starbucks,Consumer Discretionary,2016,DEF 14A,2016-01-25,0001567619-16-001713,39870,1936,2.734,6.22,0.602,2.734,2.508,3.938,0.226,0.201,28.894,0.125,7.374,0.201,0.05,leadership_governance,operational_excellence,8.653,1.354,6.521,0.729,20.59,31.0,,leadership_governance|integrity_responsibility|people_talent|profitable_growth,leadership_governance,balanced,"Starbucks emphasizes strong corporate governance, board independence, director accountability, talent attraction and retention, and shareholder engagement as foundational to long-term success and stakeholder trust."
SBUX,Starbucks,Consumer Discretionary,2017,DEF 14A,2017-01-27,0001672764-17-000003,36910,1823,2.438,4.904,0.867,2.655,2.465,4.145,0.027,0.135,30.452,0.081,8.101,0.19,0.108,leadership_governance,operational_excellence,8.914,1.084,6.665,0.783,20.25,31.1,0.9848,leadership_governance|people_talent|operational_excellence|integrity_responsibility,leadership_governance,balanced,"Starbucks emphasizes strong board governance, director independence, and rigorous oversight while prioritizing talent attraction and operational excellence through experienced leadership and robust oversight mechanisms that balance shareholder and stakeholder interests."
SBUX,Starbucks,Consumer Discretionary,2018,DEF 14A,2018-01-26,0001193125-18-021792,41446,2121,2.509,3.426,1.037,3.064,4.198,4.222,0.434,0.724,28.23,0.531,7.89,0.241,0.121,leadership_governance,customer_client_focus,11.533,2.027,6.128,0.701,19.54,31.6,0.9788,leadership_governance|people_talent|diversity_inclusion|profitable_growth,leadership_governance,balanced,"Starbucks emphasizes strong corporate governance, board independence, director quality and expertise, talent attraction and retention, and diversity as foundations for shareholder success and effective business oversight."
SBUX,Starbucks,Consumer Discretionary,2019,DEF 14A,2019-01-25,0001193125-19-017145,41563,1970,2.093,4.716,1.059,3.104,2.671,4.355,0.529,1.612,30.724,0.265,6.977,0.192,0.12,leadership_governance,operational_excellence,12.92,2.093,5.798,0.721,21.1,30.2,0.9759,leadership_governance|profitable_growth|diversity_inclusion|environmental_stewardship|integrity_responsibility,leadership_governance,balanced,"Starbucks emphasizes strong corporate governance, board independence and oversight, long-term shareholder value creation, board diversity, and environmental sustainability commitments."
SBUX,Starbucks,Consumer Discretionary,2020,DEF 14A,2020-01-24,0001206774-20-000230,45043,2109,2.62,4.485,1.931,3.996,3.952,4.64,1.399,2.553,30.06,0.644,7.238,0.289,0.044,leadership_governance,customer_client_focus,14.431,1.709,5.817,0.788,21.36,29.7,0.9253,profitable_growth|leadership_governance|diversity_inclusion|community_social_good|integrity_responsibility|people_talent|environmental_stewardship,leadership_governance,balanced,"Starbucks emphasizes strong corporate governance, shareholder returns, board independence and effectiveness, diversity and inclusion, ethical business conduct, and community investment as interconnected pillars of long-term value creation."
SBUX,Starbucks,Consumer Discretionary,2021,DEF 14A,2021-01-22,0000829224-21-000017,47923,2253,2.671,4.486,1.607,4.549,4.507,4.758,2.066,2.212,29.735,1.148,6.782,0.376,0.23,leadership_governance,customer_client_focus,14.085,1.544,5.634,0.802,21.27,29.6,0.984,customer_client_focus|innovation_science|leadership_governance|diversity_inclusion|profitable_growth,leadership_governance,balanced,"Starbucks emphasizes strong corporate governance, board diversity and shareholder engagement while balancing customer focus, innovation, and financial performance through pay-for-performance compensation tied to ESG metrics."
SBUX,Starbucks,Consumer Discretionary,2022,DEF 14A,2022-01-28,0001206774-22-000270,68801,2869,2.108,5.102,1.105,4.201,4.738,4.084,1.294,1.628,21.119,0.712,6.337,0.16,0.189,leadership_governance,operational_excellence,12.398,1.599,6.482,0.772,23.98,28.7,0.9184,leadership_governance|integrity_responsibility|people_talent|diversity_inclusion|profitable_growth|community_social_good|environmental_stewardship,leadership_governance,balanced,"Starbucks emphasizes strong corporate governance, board independence, shareholder engagement, and balanced oversight of human capital management, diversity and inclusion, environmental sustainability, and long-term shareholder value creation."
SBUX,Starbucks,Consumer Discretionary,2023,DEF 14A,2023-01-27,0000829224-23-000007,52214,2320,2.49,4.865,1.111,3.945,4.022,4.596,0.613,2.145,26.889,0.766,7.316,0.172,0.421,leadership_governance,operational_excellence,13.445,2.088,6.837,0.731,22.51,27.4,0.8921,leadership_governance|profitable_growth|people_talent|diversity_inclusion|community_social_good|integrity_responsibility,leadership_governance,balanced,"Starbucks emphasizes strong corporate governance, shareholder returns, and stakeholder engagement while integrating diversity goals, talent development, and social impact into its strategic and compensation frameworks."
SBUX,Starbucks,Consumer Discretionary,2024,DEFC14A,2024-01-25,0001193125-24-014772,60109,2457,2.745,4.109,1.081,3.311,3.743,4.475,0.433,1.98,29.48,0.782,6.688,0.166,0.216,leadership_governance,customer_client_focus,12.71,1.73,6.954,0.76,24.46,22.6,0.9386,integrity_responsibility|leadership_governance|environmental_stewardship|people_talent|diversity_inclusion|community_social_good|profitable_growth,leadership_governance,balanced,"Starbucks emphasizes strong board governance, ethical conduct, and oversight of environmental, partner, and community commitments while maintaining focus on shareholder value creation."
TGT,Target,Consumer Discretionary,2016,DEF 14A,2016-04-25,0001308179-16-000375,35370,1789,3.11,5.428,0.622,1.442,1.47,3.675,0.452,0.481,28.951,0.368,7.945,0.17,0.311,leadership_governance,operational_excellence,9.075,0.961,6.474,0.808,19.77,31.4,,leadership_governance|diversity_inclusion|profitable_growth|integrity_responsibility,leadership_governance,balanced,"Target emphasizes strong corporate governance through independent Board oversight, enhanced risk management, director diversity and expertise, and alignment of shareholder interests with long-term company performance and stakeholder stewardship."
TGT,Target,Consumer Discretionary,2017,DEF 14A,2017-05-01,0001308179-17-000174,35596,1692,2.837,6.967,0.759,1.348,1.517,3.596,0.449,0.449,27.953,0.449,9.102,0.056,0.281,leadership_governance,operational_excellence,8.119,1.068,7.276,0.768,21.04,29.9,0.9654,leadership_governance|integrity_responsibility|profitable_growth,leadership_governance,balanced,"Target emphasizes strong corporate governance through independent board oversight, disciplined risk management, and balanced capital allocation while returning substantial shareholder value through dividends and share repurchases."
TGT,Target,Consumer Discretionary,2018,DEF 14A,2018-05-04,0001308179-18-000237,35354,1624,2.857,4.667,0.792,1.641,2.008,4.724,0.283,0.453,29.388,0.537,8.599,0.283,0.255,leadership_governance,customer_client_focus,8.174,0.877,6.053,0.806,21.77,29.5,0.9587,leadership_governance|integrity_responsibility|profitable_growth,leadership_governance,balanced,"Target emphasizes strong corporate governance through independent board oversight, rigorous risk management, and transparent shareholder engagement while maintaining disciplined capital allocation for profitable growth and community responsibility."
TGT,Target,Consumer Discretionary,2019,DEF 14A,2019-04-29,0001308179-19-000197,33107,1569,3.776,4.803,0.725,1.661,1.571,4.319,0.332,0.544,28.755,0.695,9.424,0.06,0.302,leadership_governance,operational_excellence,8.155,0.936,6.494,0.794,21.1,29.1,0.9799,leadership_governance|integrity_responsibility|diversity_inclusion|community_social_good|profitable_growth,leadership_governance,balanced,"Target emphasizes strong corporate governance through independent board oversight, diverse director composition, and accountability to shareholders, while also committing to corporate responsibility, community investment, and balanced capital allocation benefiting multiple stakeholders."
TGT,Target,Consumer Discretionary,2020,DEF 14A,2020-04-27,0001308179-20-000217,48954,2103,2.982,5.658,0.368,1.981,1.675,4.474,0.245,0.47,22.776,0.654,6.986,0.082,0.245,leadership_governance,operational_excellence,9.008,1.348,7.865,0.74,23.28,31.2,0.8857,leadership_governance|integrity_responsibility|profitable_growth,leadership_governance,balanced,"Target emphasizes strong corporate governance through independent board oversight, risk management, and ethical conduct, while maintaining disciplined capital allocation to balance shareholder returns with long-term business health and community investment."
TGT,Target,Consumer Discretionary,2021,DEF 14A,2021-04-26,0001308179-21-000258,33891,1670,4.101,4.869,1.21,1.977,1.8,5.37,0.472,0.679,29.919,1.387,9.885,0.177,0.797,leadership_governance,customer_client_focus,9.235,0.944,7.524,0.814,20.29,29.1,0.8853,leadership_governance|integrity_responsibility|diversity_inclusion|people_talent|profitable_growth,leadership_governance,balanced,"Target emphasizes robust corporate governance through independent board oversight, ethical conduct, risk management, and capital allocation that balances shareholder returns with investments in people, diversity, and responsible business practices."
TGT,Target,Consumer Discretionary,2022,DEF 14A,2022-04-25,0001308179-22-000265,36251,1876,3.807,5.627,0.883,4.193,2.069,4.91,0.359,2.069,30.923,1.269,8.441,0.166,0.524,leadership_governance,operational_excellence,10.648,1.269,8.11,0.787,19.32,30.1,0.9773,,,,
TGT,Target,Consumer Discretionary,2023,DEF 14A,2023-05-01,0001308179-23-000828,40515,2009,4.27,4.936,0.839,3.999,2.271,6.072,0.346,2.518,36.999,1.53,7.528,0.222,0.642,leadership_governance,customer_client_focus,11.206,1.061,7.602,0.827,20.17,27.8,0.9717,,,,
TGT,Target,Consumer Discretionary,2024,DEF 14A,2024-04-29,0001308179-24-000626,44849,2230,4.727,4.549,0.847,3.478,2.319,6.288,0.803,3.345,37.571,1.851,8.205,0.201,0.58,leadership_governance,customer_client_focus,11.305,1.895,7.782,0.713,20.11,26.1,0.9763,,,,
TJX,TJX Companies,Consumer Discretionary,2016,DEF 14A,2016-04-29,0001193125-16-568937,31915,1573,3.415,9.525,0.47,2.005,3.697,4.543,0.125,0.376,19.615,0.533,5.64,0.031,0.031,leadership_governance,operational_excellence,12.408,1.629,5.703,0.768,20.29,31.8,,,,,
TJX,TJX Companies,Consumer Discretionary,2017,DEF 14A,2017-04-27,0001193125-17-142785,55893,2254,2.755,7.174,0.412,2.29,2.666,3.775,0.233,1.735,18.41,0.286,6.334,0.054,0.018,leadership_governance,operational_excellence,9.948,1.682,6.656,0.711,24.8,30.2,0.9202,,,,
TJX,TJX Companies,Consumer Discretionary,2018,DEF 14A,2018-04-26,0001193125-18-133349,35761,1639,3.859,7.606,0.391,2.433,3.3,3.915,0.391,0.671,18.064,0.559,6.515,0.14,0.084,leadership_governance,operational_excellence,12.36,1.818,6.32,0.744,21.82,30.6,0.9255,,,,
TJX,TJX Companies,Consumer Discretionary,2019,DEF 14A,2019-04-25,0001193125-19-119221,35375,1539,4.466,6.982,0.396,2.205,3.053,4.608,0.311,0.735,19.138,0.367,6.445,0.141,0.057,leadership_governance,operational_excellence,12.608,1.64,6.389,0.77,22.99,29.3,0.9899,,,,
TJX,TJX Companies,Consumer Discretionary,2020,DEF 14A,2020-04-23,0001193125-20-116317,39301,1677,4.173,5.827,0.534,3.41,2.417,4.478,0.407,1.196,18.6,0.534,6.895,0.204,0.331,leadership_governance,operational_excellence,12.392,1.578,6.514,0.774,23.44,27.9,0.9817,,,,
TJX,TJX Companies,Consumer Discretionary,2021,DEF 14A,2021-04-29,0000109198-21-000016,41766,1630,3.663,6.129,0.599,3.735,2.514,4.884,0.431,1.03,19.825,1.556,5.938,0.335,0.67,leadership_governance,operational_excellence,11.948,1.293,6.489,0.805,25.62,24.6,0.8587,,,,
TJX,TJX Companies,Consumer Discretionary,2022,DEF 14A,2022-04-28,0000109198-22-000024,62996,2375,3.111,4.953,0.492,3.524,2.349,3.603,0.175,0.952,18.684,1.0,6.08,0.238,0.381,leadership_governance,operational_excellence,10.921,1.429,8.128,0.769,26.52,27.7,0.9344,,,,
TJX,TJX Companies,Consumer Discretionary,2023,DEF 14A,2023-04-27,0000109198-23-000014,47387,1888,4.368,6.035,0.654,3.672,3.419,3.777,0.127,1.329,22.496,0.675,7.386,0.295,0.211,leadership_governance,operational_excellence,12.366,1.688,7.745,0.76,25.1,25.2,0.8632,,,,
TJX,TJX Companies,Consumer Discretionary,2024,DEF 14A,2024-04-25,0000109198-24-000023,42006,1714,4.333,6.428,0.857,2.69,2.19,4.261,0.119,1.214,25.044,0.405,6.261,0.167,0.095,leadership_governance,operational_excellence,12.784,1.333,7.213,0.811,24.51,25.9,0.9811,,,,
TSLA,Tesla,Consumer Discretionary,2016,DEF 14A,2016-04-15,0001193125-16-543341,24904,1201,2.088,1.606,1.004,1.767,3.012,5.019,0.281,0.201,32.886,0.161,6.063,0.241,0.0,leadership_governance,customer_client_focus,5.1,0.964,6.706,0.682,20.74,33.3,,leadership_governance|integrity_responsibility|profitable_growth,leadership_governance,shareholder_primacy,"Tesla's proxy emphasizes strong corporate governance through independent board oversight, committee structures, and director qualifications to protect shareholder interests and align management incentives with stockholder value."
TSLA,Tesla,Consumer Discretionary,2017,DEF 14A,2017-04-20,0001193125-17-130746,27493,1307,2.11,1.673,0.946,1.528,2.692,5.165,0.218,0.291,31.317,0.145,6.474,0.255,0.0,leadership_governance,customer_client_focus,5.674,1.055,5.892,0.686,21.04,33.6,0.9932,leadership_governance|integrity_responsibility|profitable_growth,leadership_governance,shareholder_primacy,"Tesla's proxy emphasizes sound corporate governance through independent board oversight, committee structures, and director accountability mechanisms designed to protect shareholder interests."
TSLA,Tesla,Consumer Discretionary,2018,DEF 14A,2018-02-08,0001193125-18-035345,33045,1453,0.545,10.622,0.242,1.483,2.33,2.451,0.121,0.393,9.048,0.091,6.234,0.212,0.061,operational_excellence,operational_excellence,10.501,1.12,7.172,0.807,22.74,34.8,0.8666,leadership_governance|profitable_growth,profitable_growth,shareholder_primacy,Tesla's Board designed a long-term CEO performance award entirely tied to market capitalization and operational milestones to incentivize leadership that generates significant shareholder value.
TSLA,Tesla,Consumer Discretionary,2019,DEF 14A,2019-04-30,0001564590-19-014268,77658,2818,1.198,3.284,0.464,2.691,1.932,3.245,0.232,0.167,20.861,0.142,7.572,0.116,0.052,leadership_governance,operational_excellence,5.099,1.172,7.752,0.626,27.56,29.9,0.8241,leadership_governance|operational_excellence|integrity_responsibility|diversity_inclusion|innovation_science,leadership_governance,balanced,"Tesla emphasizes strong corporate governance through independent board oversight, thoughtful director selection balancing expertise and diversity, and structured risk management while aligning leadership incentives with shareholder interests."
TSLA,Tesla,Consumer Discretionary,2020,DEF 14A,2020-05-28,0001564590-20-027321,32978,1513,1.91,3.548,0.697,3.396,2.608,5.034,0.212,0.334,24.501,0.425,7.126,0.243,0.606,leadership_governance,customer_client_focus,6.156,1.88,6.186,0.532,21.8,31.0,0.8563,leadership_governance|integrity_responsibility|operational_excellence,leadership_governance,shareholder_primacy,"Tesla's proxy emphasizes strong corporate governance through independent board leadership, rigorous committee oversight, and transparent director selection processes designed to ensure effective stewardship and accountability to shareholders."
TSLA,Tesla,Consumer Discretionary,2021,DEF 14A,2021-08-26,0001564590-21-045926,52695,2049,1.86,2.05,0.512,3.682,2.922,3.093,0.399,0.417,27.707,0.493,10.437,0.095,0.399,leadership_governance,people_talent,5.2,1.955,6.737,0.454,25.72,29.3,0.9412,diversity_inclusion|people_talent|leadership_governance,leadership_governance,balanced,"Tesla's proxy emphasizes strong board governance structures for overseeing human capital management and diversity initiatives through independent committees, while framing these as serving both shareholder interests and broader workforce management responsibilities."
TSLA,Tesla,Consumer Discretionary,2022,DEF 14A,2022-06-23,0001564590-22-024064,55770,2142,1.506,1.668,0.628,3.73,2.725,2.941,0.394,0.843,25.856,0.251,11.045,0.108,0.287,leadership_governance,people_talent,5.702,2.295,7.208,0.426,26.04,28.3,0.9896,leadership_governance|diversity_inclusion|integrity_responsibility,leadership_governance,balanced,"Tesla emphasizes strong corporate governance through independent board oversight, robust committee structures, and board diversity as mechanisms to enhance shareholder value and stakeholder relations."
TSLA,Tesla,Consumer Discretionary,2023,DEF 14A,2023-04-06,0001193125-23-094075,33259,1468,2.255,3.307,0.962,2.796,3.999,3.428,0.21,0.842,26.218,0.21,8.449,0.241,0.06,leadership_governance,diversity_inclusion,8.389,1.413,6.855,0.712,22.66,27.5,0.9196,leadership_governance|diversity_inclusion|integrity_responsibility,leadership_governance,shareholder_primacy,"Tesla emphasizes strong board governance, independence, and diversity in leadership structure while maintaining accountability to shareholders through active stockholder engagement and rigorous oversight mechanisms."
TSLA,Tesla,Consumer Discretionary,2024,DEF 14A,2024-04-29,0001104659-24-053333,236905,13732,0.73,2.609,0.595,1.41,1.52,1.65,0.333,0.485,21.929,0.169,10.54,0.317,0.127,leadership_governance,operational_excellence,6.382,2.946,6.83,0.368,17.25,39.5,0.7756,leadership_governance|diversity_inclusion,leadership_governance,balanced,"Tesla emphasizes strong corporate governance through independent boards, rigorous committee oversight, and transparent processes while committing to board diversity and inclusive representation."
COP,ConocoPhillips,Energy,2016,DEF 14A,2016-03-28,0001047469-16-011624,59735,3207,2.93,8.354,0.352,4.57,1.356,3.733,0.419,1.607,22.198,0.586,7.701,0.184,0.502,leadership_governance,operational_excellence,10.178,2.093,6.813,0.659,18.63,33.4,,,,,
COP,ConocoPhillips,Energy,2017,DEF 14A,2017-04-03,0001047469-17-002284,62986,3439,2.89,8.97,0.365,4.842,1.477,3.81,0.333,2.112,20.909,0.572,7.002,0.143,0.54,leadership_governance,operational_excellence,10.447,1.842,6.462,0.7,18.32,34.4,0.9911,,,,
COP,ConocoPhillips,Energy,2018,DEF 14A,2018-04-02,0001206774-18-001045,57257,2944,3.021,9.274,0.437,5.205,1.781,3.72,0.279,1.974,20.155,0.541,8.278,0.105,0.681,leadership_governance,operational_excellence,11.649,1.834,6.794,0.728,19.45,29.5,0.9555,,,,
COP,ConocoPhillips,Energy,2019,DEF 14A,2019-04-01,0001206774-19-001161,62092,3232,3.463,8.681,0.451,6.362,2.303,3.672,0.306,2.029,19.938,0.741,8.117,0.129,0.87,leadership_governance,operational_excellence,13.383,1.192,6.829,0.836,19.21,30.4,0.9891,,,,
COP,ConocoPhillips,Energy,2020,DEF 14A,2020-03-30,0001206774-20-000973,63922,3315,3.363,9.011,0.626,6.273,2.206,3.379,0.375,2.081,18.71,0.86,8.682,0.125,0.829,leadership_governance,operational_excellence,12.593,1.205,6.758,0.825,19.28,30.1,0.993,,,,
COP,ConocoPhillips,Energy,2021,DEF 14A,2021-03-29,0001206774-21-000875,69888,3622,3.334,8.685,0.673,6.725,1.717,3.363,0.415,3.463,18.515,0.93,7.956,0.186,0.844,leadership_governance,operational_excellence,12.062,1.674,7.169,0.756,19.3,30.5,0.9882,,,,
COP,ConocoPhillips,Energy,2022,DEF 14A,2022-03-28,0001206774-22-000879,81624,3945,3.271,6.946,0.821,5.489,1.789,2.977,0.429,6.456,18.438,0.796,9.09,0.196,0.6,leadership_governance,operational_excellence,11.185,1.531,6.75,0.759,20.69,28.8,0.9713,,,,
COP,ConocoPhillips,Energy,2023,DEF 14A,2023-04-03,0001308179-23-000477,102229,4791,2.827,7.102,0.391,5.605,1.878,2.67,0.342,2.543,18.791,0.773,8.52,0.117,0.381,leadership_governance,operational_excellence,11.924,1.712,7.17,0.749,21.34,30.0,0.9524,,,,
COP,ConocoPhillips,Energy,2024,DEF 14A,2024-04-01,0001308179-24-000384,66116,3455,3.373,8.334,0.681,6.035,2.314,3.01,0.378,3.963,20.449,1.255,8.909,0.136,0.59,leadership_governance,operational_excellence,13.476,1.709,7.124,0.775,19.14,29.6,0.9591,,,,
CVX,Chevron,Energy,2016,DEF 14A,2016-04-07,0001193125-16-533382,58825,3166,2.312,6.426,1.292,4.862,1.734,3.536,0.714,4.029,24.513,0.544,9.452,0.068,0.629,leadership_governance,operational_excellence,10.251,2.414,7.174,0.619,18.58,33.0,,,,,
CVX,Chevron,Energy,2017,DEF 14A,2017-04-11,0001193125-17-119801,49411,2810,2.671,6.476,1.579,3.4,1.821,3.602,0.81,3.744,27.261,0.546,8.703,0.061,0.627,leadership_governance,operational_excellence,10.625,2.408,6.982,0.63,17.58,31.9,0.9778,,,,
CVX,Chevron,Energy,2018,DEF 14A,2018-04-10,0001193125-18-112804,50495,2925,2.634,6.694,2.198,3.743,1.763,3.466,0.792,4.02,28.597,0.495,8.199,0.059,0.733,leadership_governance,operational_excellence,11.506,2.357,6.654,0.66,17.26,31.7,0.9905,,,,
CVX,Chevron,Energy,2019,DEF 14A,2019-04-15,0001193125-19-106207,51466,3041,2.37,7.248,2.137,3.905,1.652,3.614,0.836,4.411,28.349,0.525,8.064,0.019,0.738,leadership_governance,operational_excellence,12.319,2.293,7.286,0.686,16.92,32.8,0.9897,,,,
CVX,Chevron,Energy,2020,DEF 14A,2020-04-07,0001193125-20-100407,53704,3146,2.607,7.02,1.601,3.463,1.49,3.519,1.117,4.245,29.029,1.043,8.584,0.074,0.912,leadership_governance,operational_excellence,12.439,2.849,7.97,0.627,17.07,32.2,0.9862,,,,
CVX,Chevron,Energy,2021,DEF 14A,2021-04-08,0001193125-21-109793,55299,3117,2.459,6.311,2.134,4.213,1.935,3.87,0.615,7.45,27.668,0.977,9.06,0.054,0.651,leadership_governance,environmental_stewardship,12.17,2.279,7.288,0.685,17.74,31.1,0.987,,,,
CVX,Chevron,Energy,2022,DEF 14A,2022-04-07,0001193125-22-098301,74047,3839,1.864,5.888,1.769,4.322,2.215,3.255,0.473,6.212,23.485,0.932,8.657,0.095,0.54,leadership_governance,environmental_stewardship,10.736,1.877,7.023,0.702,19.29,32.5,0.9575,,,,
CVX,Chevron,Energy,2023,DEF 14A,2023-04-12,0001193125-23-099292,65023,3567,2.43,6.982,1.846,5.044,3.076,3.906,0.846,8.582,29.374,0.938,9.366,0.2,0.969,leadership_governance,environmental_stewardship,13.149,1.799,7.151,0.759,18.23,27.7,0.9452,,,,
CVX,Chevron,Energy,2024,DEF 14A,2024-04-10,0001193125-24-091327,61880,3374,2.473,6.9,2.165,4.735,2.44,4.04,0.646,7.143,27.957,0.824,8.29,0.259,0.937,leadership_governance,environmental_stewardship,13.801,1.778,7.288,0.772,18.34,28.9,0.9896,,,,
EOG,EOG Resources,Energy,2016,DEF 14A,2016-03-17,0001193125-16-508576,30460,1353,1.937,7.846,0.197,4.366,1.149,2.889,0.263,0.952,25.837,0.525,8.372,0.098,0.197,leadership_governance,operational_excellence,8.011,1.116,5.712,0.755,22.51,34.1,,,,,
EOG,EOG Resources,Energy,2017,DEF 14A,2017-03-17,0001193125-17-086309,33231,1554,1.745,9.148,0.15,4.183,0.812,2.979,0.241,0.301,25.398,0.391,8.125,0.03,0.181,leadership_governance,operational_excellence,8.035,0.843,5.567,0.81,21.38,34.7,0.9881,,,,
EOG,EOG Resources,Energy,2018,DEF 14A,2018-03-15,0001193125-18-084042,39049,1734,1.562,8.067,0.154,5.506,0.922,2.715,0.23,0.256,23.33,0.41,7.324,0.077,0.128,leadership_governance,operational_excellence,8.041,0.819,6.095,0.815,22.52,35.2,0.9763,,,,
EOG,EOG Resources,Energy,2019,DEF 14A,2019-03-20,0001193125-19-080799,33475,1447,1.882,10.396,0.388,4.81,0.956,3.196,0.269,1.524,25.213,0.448,7.528,0.119,0.179,leadership_governance,operational_excellence,8.633,0.627,5.377,0.865,23.13,32.7,0.97,,,,
EOG,EOG Resources,Energy,2020,DEF 14A,2020-03-20,0001193125-20-080817,33454,1361,1.823,10.701,0.448,4.813,1.136,3.169,0.359,2.302,25.348,0.478,7.533,0.149,0.389,leadership_governance,operational_excellence,8.938,0.598,5.53,0.875,24.58,30.6,0.9847,,,,
EOG,EOG Resources,Energy,2021,DEF 14A,2021-03-19,0001193125-21-087493,55158,2137,1.342,6.889,0.29,3.753,1.36,2.901,0.254,1.577,19.544,0.344,6.273,0.036,0.326,leadership_governance,operational_excellence,8.684,0.997,6.708,0.794,25.81,33.4,0.8969,,,,
EOG,EOG Resources,Energy,2022,DEF 14A,2022-03-10,0001193125-22-071943,37117,1619,1.751,10.992,0.539,4.472,1.132,3.341,0.35,2.613,23.87,0.404,7.247,0.0,0.377,leadership_governance,operational_excellence,9.888,0.647,5.2,0.877,22.93,32.7,0.8743,,,,
EOG,EOG Resources,Energy,2023,DEF 14A,2023-04-13,0001193125-23-100629,39755,1696,1.685,10.917,0.805,4.075,1.509,3.169,0.478,2.515,26.613,0.402,8.276,0.0,0.428,leadership_governance,operational_excellence,9.835,0.805,5.207,0.849,23.44,29.8,0.9381,,,,
EOG,EOG Resources,Energy,2024,DEF 14A,2024-03-28,0001193125-24-080647,39137,1646,1.789,12.239,0.818,4.216,1.431,3.219,0.485,1.993,23.967,0.332,8.279,0.0,0.715,leadership_governance,operational_excellence,9.275,0.945,5.059,0.815,23.78,28.7,0.9923,,,,
HAL,Halliburton,Energy,2016,DEF 14A,2016-04-05,0001308179-16-000301,34394,1878,2.239,6.048,0.204,3.14,1.832,4.885,0.727,1.105,36.082,1.396,6.193,0.087,0.93,leadership_governance,operational_excellence,8.897,1.774,4.826,0.668,18.31,33.0,,,,,
HAL,Halliburton,Energy,2017,DEF 14A,2017-04-07,0001308179-17-000120,48615,2324,1.687,6.335,0.267,2.489,1.44,3.785,0.494,0.741,29.867,1.028,6.212,0.123,0.699,leadership_governance,operational_excellence,10.038,1.502,5.389,0.74,20.92,33.4,0.9301,,,,
HAL,Halliburton,Energy,2018,DEF 14A,2018-04-03,0001308179-18-000119,29190,1706,2.021,7.434,0.445,2.98,1.85,4.625,0.993,0.685,29.188,1.062,7.914,0.069,0.548,leadership_governance,operational_excellence,11.305,1.268,4.111,0.798,17.11,34.5,0.9145,,,,
HAL,Halliburton,Energy,2019,DEF 14A,2019-04-02,0001308179-19-000086,40677,1926,1.377,7.179,0.393,2.532,1.303,3.54,0.639,0.541,23.232,0.811,7.842,0.025,0.393,leadership_governance,operational_excellence,11.259,1.155,6.048,0.814,21.12,33.5,0.9112,,,,
HAL,Halliburton,Energy,2020,DEF 14A,2020-04-07,0001308179-20-000154,40532,1809,1.53,7.796,0.345,2.763,1.406,3.602,0.567,0.814,24.006,1.036,7.772,0.025,0.765,leadership_governance,operational_excellence,10.51,1.283,6.439,0.782,22.41,31.6,0.9906,,,,
HAL,Halliburton,Energy,2021,DEF 14A,2021-04-06,0001308179-21-000173,47942,2088,1.398,7.092,0.417,3.212,1.648,2.899,0.501,0.813,21.422,0.813,7.238,0.063,0.667,leadership_governance,operational_excellence,10.45,1.293,6.466,0.78,22.96,31.9,0.9835,,,,
HAL,Halliburton,Energy,2022,DEF 14A,2022-04-05,0001308179-22-000182,30640,1541,1.958,10.868,1.567,2.578,2.415,3.394,0.881,2.154,27.97,1.175,9.106,0.163,0.816,leadership_governance,operational_excellence,10.705,1.338,4.7,0.778,19.88,29.0,0.874,,,,
HAL,Halliburton,Energy,2023,DEF 14A,2023-04-04,0001308179-23-000504,44447,2159,1.935,8.257,1.822,3.037,2.272,3.6,0.697,2.992,26.436,1.8,8.864,0.157,1.035,leadership_governance,operational_excellence,10.957,1.485,4.657,0.761,20.59,28.0,0.956,,,,
HAL,Halliburton,Energy,2024,DEF 14A,2024-04-02,0001308179-24-000414,49172,2397,1.79,8.074,1.891,2.949,2.095,3.518,0.61,2.847,22.492,1.546,8.033,0.041,1.017,leadership_governance,operational_excellence,11.734,1.159,5.511,0.82,20.51,30.5,0.9366,,,,
MPC,Marathon Petroleum,Energy,2016,DEF 14A,2016-03-15,0001193125-16-505314,54523,2865,2.109,6.401,0.367,3.595,1.376,4.989,0.147,2.586,24.98,0.477,7.281,0.477,1.852,leadership_governance,operational_excellence,10.473,1.119,5.025,0.807,19.03,31.9,,,,,
MPC,Marathon Petroleum,Energy,2017,DEF 14A,2017-03-15,0001193125-17-083730,67016,3231,1.776,6.581,0.358,4.477,1.328,4.283,0.194,1.656,23.427,0.418,6.595,0.403,0.627,leadership_governance,operational_excellence,9.52,1.164,7.118,0.782,20.74,32.2,0.9742,,,,
MPC,Marathon Petroleum,Energy,2018,DEF 14A,2018-03-15,0001193125-18-084039,53149,2723,1.731,6.472,0.282,3.481,1.58,4.835,0.094,0.621,26.755,0.508,7.018,0.527,0.715,leadership_governance,operational_excellence,10.405,1.167,5.231,0.798,19.52,31.3,0.9651,,,,
MPC,Marathon Petroleum,Energy,2019,DEF 14A,2019-03-14,0001510295-19-000021,41158,2056,1.944,6.876,0.243,3.572,1.749,6.341,0.194,1.142,27.237,0.535,6.536,0.729,0.656,leadership_governance,operational_excellence,14.529,0.875,6.779,0.886,20.02,29.7,0.9189,,,,
MPC,Marathon Petroleum,Energy,2020,DEF 14A,2020-03-16,0001510295-20-000017,39745,1953,2.617,8.076,0.528,6.592,1.761,4.806,0.956,2.692,29.236,0.579,6.466,0.73,1.208,leadership_governance,operational_excellence,13.939,1.057,6.164,0.859,20.35,25.2,0.956,,,,
MPC,Marathon Petroleum,Energy,2021,DEF 14A,2021-03-15,0001510295-21-000046,66604,2779,1.441,6.891,0.525,5.81,2.267,3.799,0.51,2.267,24.953,0.495,5.991,0.405,0.766,leadership_governance,operational_excellence,11.336,1.186,7.537,0.811,23.97,26.9,0.9304,,,,
MPC,Marathon Petroleum,Energy,2022,DEF 14A,2022-03-14,0001510295-22-000023,46374,2180,2.264,6.016,0.388,5.758,2.221,4.162,0.712,4.442,31.009,0.561,7.741,0.539,0.604,leadership_governance,operational_excellence,12.399,1.272,6.318,0.814,21.27,24.4,0.9307,,,,
MPC,Marathon Petroleum,Energy,2023,DEF 14A,2023-03-13,0001510295-23-000028,47587,2049,2.438,5.043,0.672,5.296,2.774,3.888,0.63,4.896,31.542,0.735,7.628,0.525,0.567,leadership_governance,people_talent,13.743,1.45,6.262,0.809,23.22,22.0,0.9719,,,,
MPC,Marathon Petroleum,Energy,2024,DEF 14A,2024-03-14,0001510295-24-000033,46444,1902,2.433,4.845,0.775,5.512,2.455,4.306,0.904,4.758,33.438,0.646,8.053,0.624,0.947,leadership_governance,people_talent,14.62,1.27,5.964,0.84,24.42,18.3,0.9876,,,,
OXY,Occidental Petroleum,Energy,2016,DEF 14A,2016-03-17,0001308179-16-000248,32582,1604,2.885,8.317,0.368,3.867,1.903,3.253,0.675,2.946,25.474,0.737,10.681,0.153,0.767,leadership_governance,operational_excellence,8.41,1.166,6.077,0.756,20.31,27.4,,,,,
OXY,Occidental Petroleum,Energy,2017,DEF 14A,2017-03-24,0001308179-17-000065,33693,1629,3.146,8.31,0.683,3.294,1.751,2.968,0.683,3.829,27.009,0.89,10.477,0.089,1.098,leadership_governance,operational_excellence,8.429,1.247,5.491,0.742,20.68,24.9,0.9845,,,,
OXY,Occidental Petroleum,Energy,2018,DEF 14A,2018-03-22,0001308179-18-000070,53373,2091,2.173,6.876,0.581,3.429,1.574,2.679,0.412,1.199,21.94,0.506,7.382,0.019,0.674,leadership_governance,operational_excellence,7.138,1.555,8.225,0.642,25.53,27.1,0.9147,,,,
OXY,Occidental Petroleum,Energy,2019,DEF 14A,2019-03-28,0001308179-19-000072,29285,1425,3.107,8.639,0.956,4.61,2.424,3.107,0.751,3.654,31.313,0.99,11.644,0.0,1.844,leadership_governance,operational_excellence,9.22,0.956,6.283,0.812,20.55,24.2,0.9064,,,,
OXY,Occidental Petroleum,Energy,2020,DEF 14A,2020-04-17,0001206774-20-001182,106603,3586,1.473,3.93,0.244,1.942,1.116,1.492,0.216,0.91,16.407,0.366,7.852,0.028,0.328,leadership_governance,operational_excellence,6.257,1.52,6.82,0.609,29.73,26.2,0.8152,,,,
OXY,Occidental Petroleum,Energy,2021,DEF 14A,2021-03-26,0001206774-21-000856,42957,2223,2.142,6.751,0.698,3.655,2.351,2.328,0.419,4.702,26.818,1.048,9.125,0.07,0.861,leadership_governance,operational_excellence,9.242,1.048,6.262,0.796,19.32,28.3,0.8171,,,,
OXY,Occidental Petroleum,Energy,2022,DEF 14A,2022-03-25,0001206774-22-000870,52854,2205,1.608,5.581,1.533,2.933,1.778,2.024,0.189,8.4,17.898,1.022,7.284,0.057,0.473,leadership_governance,environmental_stewardship,6.717,0.984,5.317,0.744,23.97,35.6,0.9638,,,,
OXY,Occidental Petroleum,Energy,2023,DEF 14A,2023-03-23,0001308179-23-000331,47904,2310,2.672,6.951,1.169,3.799,3.841,2.923,0.251,6.722,31.062,1.148,10.166,0.251,0.898,leadership_governance,operational_excellence,9.081,1.211,6.346,0.765,20.74,23.5,0.9737,,,,
OXY,Occidental Petroleum,Energy,2024,DEF 14A,2024-03-21,0000797468-24-000075,44360,2092,2.615,7.89,1.668,4.216,3.111,2.84,0.361,6.56,27.615,1.217,10.099,0.09,0.969,leadership_governance,operational_excellence,9.265,0.947,6.402,0.815,21.2,22.7,0.9806,,,,
PSX,Phillips 66,Energy,2016,DEF 14A,2016-03-25,0001047469-16-011582,33134,1628,2.354,7.394,0.091,4.225,1.539,3.38,0.302,0.724,30.482,0.755,9.326,0.03,0.845,leadership_governance,operational_excellence,10.382,0.875,6.64,0.845,20.35,32.7,,,,,
PSX,Phillips 66,Energy,2017,DEF 14A,2017-03-22,0001047469-17-001870,30526,1570,2.85,7.141,0.426,4.914,2.064,2.981,0.557,1.507,29.614,0.491,8.321,0.197,0.655,leadership_governance,operational_excellence,10.876,0.884,7.076,0.85,19.44,31.9,0.9712,,,,
PSX,Phillips 66,Energy,2018,DEF 14A,2018-03-28,0001571049-18-000199,34194,1733,3.129,7.136,0.234,4.855,2.106,3.246,1.287,1.755,31.848,0.643,8.744,0.205,1.053,leadership_governance,operational_excellence,10.499,0.848,6.873,0.851,19.73,30.9,0.9865,,,,
PSX,Phillips 66,Energy,2019,DEF 14A,2019-03-29,0001193125-19-092869,32942,1640,3.309,7.437,0.304,5.434,2.125,3.248,1.123,2.459,30.599,0.759,8.53,0.091,1.032,leadership_governance,operational_excellence,11.232,1.214,7.377,0.805,20.09,29.3,0.9691,,,,
PSX,Phillips 66,Energy,2020,DEF 14A,2020-03-25,0001193125-20-085402,32435,1648,3.391,7.523,0.339,5.519,2.621,3.237,1.788,2.651,30.769,1.202,7.8,0.0,1.11,leadership_governance,operational_excellence,11.531,1.233,7.584,0.807,19.68,29.9,0.9797,,,,
PSX,Phillips 66,Energy,2021,DEF 14A,2021-03-31,0001140361-21-010999,38597,1842,2.591,6.995,0.855,5.493,2.565,3.005,1.166,5.234,28.033,0.881,8.213,0.078,0.907,leadership_governance,operational_excellence,11.244,1.295,7.41,0.793,20.95,27.7,0.9632,,,,
PSX,Phillips 66,Energy,2022,DEF 14A,2022-03-31,0001206774-22-000928,54664,2363,2.031,6.513,1.006,5.58,1.976,2.543,0.677,5.543,22.282,0.768,8.763,0.128,0.677,leadership_governance,operational_excellence,10.958,1.427,8.141,0.77,23.13,29.0,0.9158,,,,
PSX,Phillips 66,Energy,2023,DEF 14A,2023-03-30,0001534701-23-000064,40631,1908,1.944,7.679,1.157,3.643,2.387,2.83,1.009,4.996,28.18,0.64,9.795,0.148,1.034,leadership_governance,operational_excellence,11.814,1.378,7.211,0.791,21.3,25.4,0.8669,,,,
PSX,Phillips 66,Energy,2024,DEF 14A,2024-04-03,0001534701-24-000095,42492,1818,2.189,8.213,0.965,3.812,2.589,3.13,0.471,4.118,26.476,0.73,8.778,0.118,1.247,leadership_governance,operational_excellence,13.532,1.083,6.778,0.852,23.37,21.9,0.9401,,,,
SLB,SLB (Schlumberger),Energy,2016,DEF 14A,2016-02-19,0001193125-16-468583,48708,2068,1.827,3.983,1.971,4.578,1.848,3.408,0.144,0.103,30.385,0.144,7.391,0.103,0.144,leadership_governance,people_talent,9.177,1.581,7.104,0.706,23.55,31.0,,,,,
SLB,SLB (Schlumberger),Energy,2017,DEF 14A,2017-02-21,0001308179-17-000018,56983,2224,1.65,4.615,1.808,4.545,1.808,3.299,0.158,0.193,23.27,0.158,5.282,0.088,0.193,leadership_governance,operational_excellence,10.056,1.597,7.072,0.726,25.62,28.0,0.9095,,,,
SLB,SLB (Schlumberger),Energy,2018,DEF 14A,2018-03-02,0001308179-18-000016,44181,1875,2.014,5.364,2.49,6.519,2.241,3.961,0.204,0.204,25.667,0.136,4.957,0.091,0.181,leadership_governance,people_talent,10.661,1.245,6.428,0.791,23.56,28.9,0.8929,,,,
SLB,SLB (Schlumberger),Energy,2019,DEF 14A,2019-02-21,0001308179-19-000005,46447,1964,2.024,4.091,2.541,5.899,1.873,4.22,0.129,0.969,28.656,0.108,6.093,0.086,0.086,leadership_governance,people_talent,10.959,1.098,6.502,0.818,23.65,28.0,0.9123,,,,
SLB,SLB (Schlumberger),Energy,2020,DEF 14A,2020-02-21,0001308179-20-000009,40435,1771,2.176,4.996,2.745,4.971,2.3,4.526,0.396,1.212,28.639,0.198,6.925,0.124,0.223,leadership_governance,operational_excellence,11.871,1.088,6.207,0.832,22.83,28.3,0.9573,,,,
SLB,SLB (Schlumberger),Energy,2021,DEF 14A,2021-02-25,0001308179-21-000014,66979,2536,1.269,4.957,1.403,5.031,1.687,3.12,0.134,1.329,22.574,0.209,5.927,0.134,0.224,leadership_governance,people_talent,9.54,1.463,6.972,0.734,26.41,28.2,0.9021,,,,
SLB,SLB (Schlumberger),Energy,2022,DEF 14A,2022-02-24,0001308179-22-000016,37208,1521,1.29,6.208,3.79,4.73,2.688,4.569,0.161,2.876,28.677,0.43,7.606,0.027,0.296,leadership_governance,operational_excellence,14.325,0.672,7.176,0.91,24.46,25.0,0.8812,,,,
SLB,SLB (Schlumberger),Energy,2023,DEF 14A,2023-02-23,0001308179-23-000057,36015,1469,1.333,6.109,3.998,4.359,3.332,4.387,0.167,2.832,29.238,0.305,7.775,0.167,0.25,leadership_governance,operational_excellence,14.216,0.833,7.33,0.889,24.52,27.2,0.6348,,,,
SLB,SLB (Schlumberger),Energy,2024,DEF 14A,2024-02-22,0001308179-24-000033,35752,1468,1.622,5.79,2.797,4.755,3.496,4.699,0.196,2.713,30.795,0.224,8.195,0.112,0.196,leadership_governance,operational_excellence,14.265,1.007,7.692,0.868,24.35,26.6,0.9901,,,,
VLO,Valero Energy,Energy,2016,DEF 14A,2016-03-31,0001035002-16-000079,44690,2090,1.566,9.353,0.157,3.155,1.253,3.67,0.09,0.224,20.049,0.358,5.728,0.0,0.246,leadership_governance,operational_excellence,8.928,1.343,8.212,0.739,21.38,33.1,,,,,
VLO,Valero Energy,Energy,2017,DEF 14A,2017-03-23,0001035002-17-000015,28272,1483,1.981,10.788,0.389,3.042,1.839,4.81,0.212,0.318,24.653,0.531,6.296,0.035,0.318,leadership_governance,operational_excellence,10.399,1.238,6.791,0.787,19.06,30.7,0.9127,,,,
VLO,Valero Energy,Energy,2018,DEF 14A,2018-03-21,0001193125-18-090034,33347,1645,1.769,9.566,0.39,3.029,1.589,4.138,0.12,0.6,23.87,0.51,8.307,0.03,0.48,leadership_governance,operational_excellence,10.046,1.17,5.848,0.791,20.27,29.2,0.9798,,,,
VLO,Valero Energy,Energy,2019,DEF 14A,2019-03-20,0001193125-19-080420,30036,1615,2.064,10.72,0.433,3.463,2.097,4.195,0.166,1.199,28.765,0.599,7.924,0.1,0.832,leadership_governance,operational_excellence,12.085,1.365,6.625,0.797,18.6,29.8,0.9834,,,,
VLO,Valero Energy,Energy,2020,DEF 14A,2020-03-19,0001193125-20-078074,49508,2348,1.757,9.089,0.303,3.616,1.515,3.717,0.182,1.273,23.693,0.465,6.06,0.101,0.667,leadership_governance,operational_excellence,10.867,1.293,7.13,0.787,21.09,31.9,0.9345,,,,
VLO,Valero Energy,Energy,2021,DEF 14A,2021-03-18,0001193125-21-085910,37977,1957,2.66,11.086,0.606,4.055,2.001,3.976,0.342,2.159,27.648,1.08,7.215,0.158,1.185,leadership_governance,operational_excellence,12.955,1.264,5.424,0.822,19.41,28.2,0.9361,,,,
VLO,Valero Energy,Energy,2022,DEF 14A,2022-03-17,0001035002-22-000014,51178,2301,3.302,9.907,0.567,4.455,2.364,3.81,0.371,7.327,29.935,1.192,5.96,0.195,1.29,leadership_governance,operational_excellence,12.427,1.27,5.608,0.815,22.24,24.1,0.9721,,,,
VLO,Valero Energy,Energy,2023,DEF 14A,2023-03-22,0001035002-23-000040,61467,2716,3.514,10.087,0.618,4.181,3.368,3.856,0.602,8.899,28.064,0.96,6.979,0.163,1.155,leadership_governance,operational_excellence,13.145,1.106,5.938,0.845,22.63,22.6,0.9879,,,,
VLO,Valero Energy,Energy,2024,DEF 14A,2024-03-26,0001035002-24-000014,60930,2694,2.921,10.783,0.574,3.84,2.314,3.873,0.197,7.5,26.489,0.968,5.432,0.197,1.018,leadership_governance,operational_excellence,13.967,0.853,5.761,0.885,22.62,25.2,0.9553,,,,
XOM,ExxonMobil,Energy,2016,DEF 14A,2016-04-13,0001193125-16-539460,36677,1993,2.699,4.199,1.527,4.717,2.236,3.272,0.464,6.216,24.457,0.845,8.152,0.273,0.518,leadership_governance,environmental_stewardship,12.297,1.963,7.771,0.725,18.4,29.4,,leadership_governance|integrity_responsibility|operational_excellence|safety|environmental_stewardship,leadership_governance,balanced,"ExxonMobil emphasizes strong corporate governance, board independence, ethical conduct, operational integrity, and environmental stewardship as foundational to shareholder and stakeholder interests."
XOM,ExxonMobil,Energy,2017,DEF 14A,2017-04-13,0001193125-17-122538,32225,1733,2.886,5.803,1.614,4.965,1.8,3.351,0.465,3.445,26.749,0.869,8.223,0.186,0.403,leadership_governance,operational_excellence,12.227,1.707,6.61,0.755,18.59,29.1,0.9754,leadership_governance|integrity_responsibility|profitable_growth,leadership_governance,balanced,"ExxonMobil emphasizes strong, independent board governance and oversight structures, combined with ethical conduct and fiduciary responsibility to shareholders and broader stakeholders including employees and communities."
XOM,ExxonMobil,Energy,2018,DEF 14A,2018-04-12,0001193125-18-115091,27211,1524,2.83,6.284,1.764,4.777,2.242,3.528,0.22,0.808,31.789,0.514,7.754,0.11,0.588,leadership_governance,operational_excellence,10.216,1.543,5.402,0.738,17.85,30.6,0.9791,leadership_governance|integrity_responsibility|safety|diversity_inclusion|profitable_growth,leadership_governance,shareholder_primacy,"ExxonMobil emphasizes strong corporate governance, board independence, risk oversight, and fiduciary accountability to shareholders, with supporting commitments to safety, ethics, and diversity."
XOM,ExxonMobil,Energy,2019,DEF 14A,2019-04-11,0001193125-19-103474,32723,1779,2.903,5.684,2.078,4.431,1.834,3.209,0.428,3.178,34.166,1.161,8.159,0.122,0.733,leadership_governance,operational_excellence,11.185,1.65,7.243,0.743,18.39,28.8,0.9826,leadership_governance|integrity_responsibility|safety|environmental_stewardship|diversity_inclusion,leadership_governance,shareholder_primacy,"ExxonMobil emphasizes strong, independent board governance, rigorous oversight mechanisms, director competencies in science and technology, board diversity, and fiduciary responsibility to shareholders."
XOM,ExxonMobil,Energy,2020,DEF 14A,2020-04-09,0001193125-20-102226,32258,1756,2.945,5.363,2.294,4.65,1.147,3.441,0.682,4.154,34.007,1.736,8.556,0.093,0.589,leadership_governance,operational_excellence,11.439,1.767,7.347,0.732,18.37,26.8,0.9913,leadership_governance|integrity_responsibility|innovation_science|environmental_stewardship|diversity_inclusion|profitable_growth,leadership_governance,shareholder_primacy,"ExxonMobil emphasizes strong, independent Board governance with rigorous oversight of management and strategic risks including climate change, while maintaining focus on generating long-term shareholder value."
XOM,ExxonMobil,Energy,2021,DEFC14A,2021-03-16,0001193125-21-082140,46326,2449,2.396,5.634,2.245,4.49,1.317,2.914,0.389,6.713,29.918,1.23,9.476,0.086,0.626,leadership_governance,environmental_stewardship,10.75,1.338,6.519,0.779,18.92,27.4,0.9713,leadership_governance|integrity_responsibility|innovation_science|people_talent|diversity_inclusion|environmental_stewardship|safety,leadership_governance,balanced,"ExxonMobil emphasizes strong independent Board governance with robust oversight of strategy, risk management, and talent development, while highlighting science and technology leadership, environmental stewardship, safety, and workforce diversity as core competencies and responsibilities."
XOM,ExxonMobil,Energy,2022,DEF 14A,2022-04-07,0001193125-22-098314,38769,2131,2.76,5.881,2.476,4.669,1.47,3.482,0.31,10.369,27.238,1.187,8.306,0.232,0.671,leadership_governance,environmental_stewardship,12.329,1.625,6.964,0.767,18.19,26.0,0.9618,leadership_governance|profitable_growth|people_talent|diversity_inclusion|safety|environmental_stewardship|innovation_science,leadership_governance,shareholder_primacy,"ExxonMobil's Board emphasizes strong corporate governance, independent oversight, shareholder value creation, and diverse director qualifications while addressing operational risks including safety, environmental performance, and climate-related matters."
XOM,ExxonMobil,Energy,2023,DEF 14A,2023-04-13,0001193125-23-100079,55855,3045,2.059,5.085,2.918,3.778,1.164,2.936,0.43,11.763,22.773,2.256,8.182,0.233,1.307,leadership_governance,environmental_stewardship,12.891,3.348,8.433,0.588,18.34,25.2,0.962,leadership_governance|safety|environmental_stewardship|innovation_science|diversity_inclusion|profitable_growth,leadership_governance,balanced,"ExxonMobil's Board prioritizes strong independent governance, director refreshment with diverse expertise in climate science and energy transition, rigorous oversight of safety and environmental performance, and shareholder value creation through strategic leadership and risk management oversight."
XOM,ExxonMobil,Energy,2024,DEF 14A,2024-04-11,0001193125-24-092545,49040,2724,2.202,6.75,2.529,5.2,2.121,3.732,0.754,7.626,25.51,1.489,8.238,0.224,1.427,leadership_governance,environmental_stewardship,13.846,2.243,6.892,0.721,18.0,25.1,0.9643,leadership_governance|safety|environmental_stewardship|profitable_growth|diversity_inclusion|integrity_responsibility,leadership_governance,balanced,"ExxonMobil emphasizes strong independent Board governance with diverse expertise in climate science and operations, robust oversight of safety and environmental performance, and shareholder value creation through disciplined execution and strategic leadership."
AXP,American Express,Financials,2016,DEF 14A,2016-03-21,0001206774-16-005032,58700,2556,3.526,5.86,1.925,3.458,2.164,4.94,0.647,0.716,26.474,0.647,6.235,0.204,0.068,leadership_governance,operational_excellence,12.334,1.806,8.773,0.745,22.97,28.6,,leadership_governance|integrity_responsibility|customer_client_focus|people_talent|diversity_inclusion|community_social_good|profitable_growth,leadership_governance,balanced,"The company emphasizes strong corporate governance, ethical integrity, and sound risk management while balancing commitments to customer service, employee engagement, community giving, and shareholder returns."
AXP,American Express,Financials,2017,DEF 14A,2017-03-20,0001206774-17-000900,39563,1907,4.069,6.496,2.224,3.589,3.261,5.308,1.112,1.163,27.475,1.087,7.204,0.253,0.051,leadership_governance,operational_excellence,14.433,2.553,7.608,0.699,20.75,28.9,0.9368,integrity_responsibility|leadership_governance|diversity_inclusion|people_talent|community_social_good|profitable_growth,leadership_governance,balanced,"The company emphasizes strong corporate governance, board independence and diversity, ethical conduct, fair employee compensation, and shareholder returns as foundational to its purpose and accountability."
AXP,American Express,Financials,2018,DEF 14A,2018-03-19,0001206774-18-000866,44961,2365,4.248,7.273,1.891,3.937,2.002,6.383,0.845,0.867,26.89,0.712,6.561,0.111,0.044,leadership_governance,operational_excellence,12.522,2.246,8.118,0.696,19.01,33.7,0.9472,leadership_governance|integrity_responsibility|profitable_growth,leadership_governance,shareholder_primacy,"American Express emphasizes strong independent board leadership, robust governance structures, and risk oversight to ensure effective management and long-term shareholder value creation."
AXP,American Express,Financials,2019,DEF 14A,2019-03-15,0001206774-19-000869,43841,2393,4.608,6.957,1.87,3.969,3.764,5.999,1.072,0.616,23.927,0.684,7.755,0.16,0.16,leadership_governance,operational_excellence,13.412,1.437,7.71,0.806,18.32,34.1,0.9542,profitable_growth|leadership_governance|integrity_responsibility|people_talent|diversity_inclusion|customer_client_focus|community_social_good,leadership_governance,balanced,"American Express emphasizes strong independent board governance, shareholder returns, equitable employee compensation, diversity, and community responsibility as core to long-term value creation and trust."
AXP,American Express,Financials,2020,DEF 14A,2020-03-24,0001193125-20-083487,52037,2303,3.901,5.861,1.153,4.651,3.267,5.362,0.788,0.653,25.021,0.73,6.649,0.173,0.135,leadership_governance,operational_excellence,11.953,1.441,9.282,0.785,22.6,29.7,0.9052,leadership_governance|profitable_growth|integrity_responsibility|people_talent|diversity_inclusion|community_social_good|environmental_stewardship,leadership_governance,balanced,"The company emphasizes strong independent board governance, risk oversight, and ethical conduct while maintaining shareholder returns, pay equity, diversity representation, and community responsibility."
AXP,American Express,Financials,2021,DEF 14A,2021-03-19,0001193125-21-087284,44811,2029,5.691,5.244,1.116,6.36,6.628,7.208,1.83,1.049,28.096,1.808,7.677,0.245,0.245,leadership_governance,customer_client_focus,13.836,1.651,7.967,0.787,22.09,26.2,0.9086,leadership_governance|integrity_responsibility|diversity_inclusion|people_talent|community_social_good,leadership_governance,balanced,"American Express emphasizes strong governance through independent board oversight, rigorous risk management, and commitment to diversity, integrity, and responsible stewardship alongside shareholder value creation."
AXP,American Express,Financials,2022,DEF 14A,2022-03-18,0001193125-22-079264,41167,1832,5.806,6.097,1.215,5.733,4.567,6.243,1.19,1.433,36.583,1.312,5.927,0.243,0.243,leadership_governance,customer_client_focus,13.846,1.215,8.939,0.839,22.47,25.7,0.9598,profitable_growth|leadership_governance|integrity_responsibility|diversity_inclusion|people_talent,leadership_governance,balanced,"American Express emphasizes strong corporate governance through independent board oversight, rigorous risk management, and strategic capital returns to shareholders, while also advancing diversity, equity and inclusion, and employee talent management as core organizational commitments."
AXP,American Express,Financials,2023,DEF 14A,2023-03-17,0001193125-23-073923,47678,2225,5.202,6.271,1.405,5.453,3.838,7.089,0.671,1.258,29.07,1.175,6.628,0.231,0.168,leadership_governance,customer_client_focus,13.13,1.07,9.48,0.849,21.43,26.5,0.9652,leadership_governance|integrity_responsibility|diversity_inclusion|people_talent|profitable_growth|environmental_stewardship,leadership_governance,balanced,"The company emphasizes strong corporate governance with rigorous board oversight, executive accountability linked to ESG goals, and balanced attention to shareholder returns, employee wellbeing, diversity and inclusion, and environmental risk management."
AXP,American Express,Financials,2024,DEF 14A,2024-03-15,0001193125-24-068837,65724,2767,4.306,6.497,1.095,4.352,2.419,6.086,0.441,2.008,26.064,0.7,7.729,0.107,0.137,leadership_governance,operational_excellence,12.857,1.43,10.529,0.8,23.75,26.3,0.9476,integrity_responsibility|leadership_governance|diversity_inclusion|people_talent|profitable_growth,leadership_governance,balanced,"American Express emphasizes robust corporate governance, board independence and oversight, diversity and inclusion, employee well-being, and shareholder value creation through balanced performance metrics across multiple stakeholder categories."
BAC,Bank of America,Financials,2016,DEF 14A,2016-03-17,0001193125-16-508200,39797,1858,3.97,6.257,0.452,3.392,2.488,6.81,0.553,1.231,31.384,0.578,6.081,0.729,0.126,leadership_governance,customer_client_focus,13.217,1.935,9.624,0.745,21.42,27.5,,leadership_governance|integrity_responsibility|community_social_good|people_talent|environmental_stewardship|operational_excellence,leadership_governance,balanced,"The company emphasizes strong independent Board governance, risk management, and stakeholder engagement while committing to responsible growth that includes environmental stewardship, employee development, and community investment."
BAC,Bank of America,Financials,2017,DEF 14A,2017-03-15,0001193125-17-082970,48564,2223,4.262,5.724,0.515,4.18,3.748,6.363,0.494,1.091,37.826,0.782,7.495,0.494,0.082,leadership_governance,customer_client_focus,15.32,1.75,9.678,0.795,21.85,25.3,0.9739,leadership_governance|integrity_responsibility|profitable_growth|people_talent|diversity_inclusion,leadership_governance,balanced,"The company emphasizes robust corporate governance with independent Board oversight, rigorous director selection and assessment, and stakeholder engagement while simultaneously highlighting financial returns and talent development as core values."
BAC,Bank of America,Financials,2018,DEF 14A,2018-03-12,0001193125-18-078695,49054,2159,3.853,5.382,0.958,3.955,2.936,7.135,1.04,1.427,38.855,0.856,6.483,0.408,0.163,leadership_governance,customer_client_focus,14.78,1.284,8.97,0.84,22.72,27.6,0.9878,leadership_governance|integrity_responsibility|community_social_good|environmental_stewardship|profitable_growth,leadership_governance,balanced,"The company emphasizes strong, independent Board leadership and governance practices designed to oversee Responsible Growth while maintaining robust risk management, compliance, and stakeholder engagement including environmental and social initiatives."
BAC,Bank of America,Financials,2019,DEF 14A,2019-03-13,0001193125-19-072939,73643,3208,3.435,5.744,0.991,6.586,4.25,5.853,0.828,1.046,28.38,0.625,6.939,0.394,0.149,leadership_governance,people_talent,13.43,1.412,9.519,0.81,22.96,28.6,0.9335,leadership_governance|integrity_responsibility|profitable_growth,leadership_governance,balanced,"The company emphasizes robust board governance, independent oversight, ethical conduct and compliance culture as foundational to effective management and long-term shareholder value creation while engaging with multiple stakeholders."
BAC,Bank of America,Financials,2020,DEF 14A,2020-03-09,0001193125-20-066901,56451,2553,4.623,4.606,1.169,7.015,4.145,6.625,1.718,2.71,33.675,1.116,8.592,1.098,0.283,leadership_governance,people_talent,15.234,1.789,9.07,0.79,22.11,26.0,0.9048,leadership_governance|integrity_responsibility|people_talent|diversity_inclusion|community_social_good|profitable_growth,leadership_governance,balanced,"Bank of America emphasizes robust corporate governance, Board oversight of human capital and ESG matters, diversity and inclusion, and responsible growth balanced with shareholder returns."
BAC,Bank of America,Financials,2021,DEF 14A,2021-03-08,0001193125-21-072547,80656,3475,3.633,4.042,1.066,6.807,3.856,6.596,2.579,3.211,27.623,1.748,7.501,0.855,0.31,leadership_governance,people_talent,14.233,1.314,8.555,0.831,23.21,27.2,0.9397,leadership_governance|integrity_responsibility|people_talent|diversity_inclusion|customer_client_focus|profitable_growth|safety,leadership_governance,balanced,"The company emphasizes strong independent Board governance and oversight of ESG, human capital, and risk management while pursuing responsible growth and serving clients, supported by robust compliance and stakeholder engagement practices."
BAC,Bank of America,Financials,2022,DEF 14A,2022-03-07,0001193125-22-067335,66760,3024,4.434,4.254,1.543,6.426,4.434,6.86,3.655,7.205,29.434,1.723,6.081,0.914,0.3,leadership_governance,environmental_stewardship,16.432,1.348,9.122,0.848,22.08,24.8,0.9404,leadership_governance|integrity_responsibility|operational_excellence|environmental_stewardship|community_social_good,leadership_governance,balanced,"The company emphasizes robust corporate governance, independent Board oversight, responsible growth, and stakeholder engagement while managing climate risk and ESG matters across the enterprise."
BAC,Bank of America,Financials,2023,DEF 14A,2023-03-07,0001193125-23-062686,89152,3742,3.881,4.576,1.525,5.507,4.105,5.866,1.559,7.807,27.795,1.458,6.921,0.83,0.179,leadership_governance,environmental_stewardship,15.064,1.324,9.344,0.838,23.82,24.8,0.9401,leadership_governance|integrity_responsibility|profitable_growth|community_social_good|environmental_stewardship|diversity_inclusion,leadership_governance,balanced,"The company emphasizes robust corporate governance, independent Board oversight, and responsible growth that balances shareholder returns with stakeholder engagement on climate, diversity, and community impact."
BAC,Bank of America,Financials,2024,DEF 14A,2024-03-11,0001193125-24-064529,82398,3797,3.75,5.838,1.311,5.304,3.641,6.056,1.153,4.041,29.127,1.08,7.937,0.813,0.097,leadership_governance,customer_client_focus,13.69,1.638,8.131,0.786,21.7,27.6,0.976,leadership_governance|integrity_responsibility|operational_excellence|diversity_inclusion|environmental_stewardship|human_progress_wellbeing|profitable_growth,leadership_governance,balanced,"The company emphasizes strong, independent Board governance and oversight while advancing responsible growth through operational excellence, diversity and inclusion, environmental stewardship, and sustainable shareholder returns."
BLK,BlackRock,Financials,2016,DEF 14A,2016-04-15,0001193125-16-542189,40768,1826,2.109,4.219,0.319,2.281,1.742,5.666,0.221,0.196,34.709,0.049,10.94,0.074,0.0,leadership_governance,customer_client_focus,5.715,1.791,6.451,0.523,22.33,31.1,,leadership_governance|integrity_responsibility,leadership_governance,balanced,"BlackRock emphasizes strong corporate governance, board independence, transparent oversight structures, and ethical accountability as foundational to achieving sustainable long-term returns for shareholders while managing enterprise risk responsibly."
BLK,BlackRock,Financials,2017,DEF 14A,2017-04-13,0001193125-17-123291,43677,2208,3.297,5.701,0.984,2.747,2.473,5.907,0.206,0.618,32.786,0.137,7.533,0.137,0.046,leadership_governance,customer_client_focus,9.433,1.717,7.12,0.692,19.78,29.9,0.9181,leadership_governance|integrity_responsibility|people_talent|diversity_inclusion,leadership_governance,balanced,"BlackRock emphasizes strong corporate governance, board oversight, and sound leadership practices while also valuing employee talent, diversity, and ethical conduct as foundational to long-term success and stakeholder trust."
BLK,BlackRock,Financials,2018,DEF 14A,2018-04-13,0001193125-18-116163,49086,2389,2.71,6.845,1.161,3.484,2.893,5.643,0.244,0.713,30.701,0.244,6.866,0.163,0.0,leadership_governance,operational_excellence,10.492,1.141,7.232,0.804,20.55,30.4,0.946,leadership_governance|diversity_inclusion|people_talent|profitable_growth,leadership_governance,balanced,"BlackRock emphasizes sound corporate governance, Board diversity and independence, talent development, and long-term shareholder value creation through disciplined risk oversight and inclusive leadership practices."
BLK,BlackRock,Financials,2019,DEF 14A,2019-04-12,0001193125-19-104809,48677,2501,2.753,6.553,1.664,4.479,2.897,6.718,0.247,0.863,34.411,0.411,7.437,0.329,0.0,leadership_governance,customer_client_focus,11.196,1.192,7.026,0.808,19.46,29.1,0.9801,leadership_governance|diversity_inclusion|people_talent|innovation_science|integrity_responsibility,leadership_governance,balanced,"BlackRock emphasizes strong corporate governance through rigorous board oversight, systematic director evaluation, and intentional cultivation of diverse talent and inclusive culture as integral to long-term shareholder value creation."
BLK,BlackRock,Financials,2020,DEF 14A,2020-04-09,0001193125-20-102552,50175,2553,3.428,6.218,1.574,5.401,3.189,6.996,0.578,2.591,34.579,0.498,6.617,0.379,0.06,leadership_governance,customer_client_focus,12.755,1.156,7.354,0.834,19.65,28.6,0.9917,leadership_governance|diversity_inclusion|people_talent|environmental_stewardship|community_social_good|integrity_responsibility|profitable_growth,leadership_governance,balanced,"BlackRock emphasizes strong corporate governance, board diversity and independence, stakeholder engagement on sustainability and talent development, and fiduciary responsibility to clients alongside long-term shareholder value creation."
BLK,BlackRock,Financials,2021,DEF 14A,2021-04-16,0001193125-21-118007,58050,2653,2.584,5.444,1.361,5.151,3.342,6.064,0.896,3.239,30.026,1.137,8.183,0.241,0.258,leadership_governance,customer_client_focus,11.232,1.395,7.373,0.779,21.88,25.7,0.9782,leadership_governance|diversity_inclusion|people_talent|environmental_stewardship|community_social_good|profitable_growth,leadership_governance,balanced,"BlackRock emphasizes strong corporate governance, board diversity and independence, talent management, and oversight of sustainability and social impact initiatives as core mechanisms for creating long-term value for all stakeholders."
BLK,BlackRock,Financials,2022,DEF 14A,2022-04-14,0001193125-22-105534,48857,2588,2.845,6.406,1.596,6.488,3.664,7.184,0.798,3.787,28.45,1.351,6.529,0.348,0.389,leadership_governance,customer_client_focus,13.693,1.228,6.918,0.835,18.88,29.3,0.9193,leadership_governance|diversity_inclusion|people_talent|community_social_good|environmental_stewardship|profitable_growth|integrity_responsibility,leadership_governance,balanced,"BlackRock emphasizes strong corporate governance, board independence, and diversity while balancing shareholder returns with oversight of culture, talent development, DEI, ESG, and environmental stewardship."
BLK,BlackRock,Financials,2023,DEF 14A,2023-04-14,0001193125-23-101977,54785,2838,2.428,6.553,1.625,6.571,3.906,7.009,0.639,4.107,25.08,1.113,7.283,0.329,0.292,leadership_governance,customer_client_focus,13.672,2.136,7.173,0.73,19.3,27.4,0.9865,leadership_governance|diversity_inclusion|people_talent|integrity_responsibility|environmental_stewardship|safety,leadership_governance,balanced,"BlackRock emphasizes strong corporate governance with independent board leadership, diversity in composition and thought, human capital management, environmental sustainability, and employee safety and well-being as core governance responsibilities."
BLK,BlackRock,Financials,2024,DEF 14A,2024-04-04,0001193125-24-087282,72505,3390,2.014,6.331,1.393,5.834,2.717,6.358,0.579,2.372,23.778,0.648,6.138,0.303,0.152,leadership_governance,customer_client_focus,12.965,1.945,7.986,0.739,21.39,28.9,0.9549,leadership_governance|diversity_inclusion|people_talent|integrity_responsibility|community_social_good|profitable_growth,leadership_governance,balanced,"BlackRock emphasizes strong corporate governance through independent Board leadership, diversity of thought and experience, robust talent development and culture oversight, employee well-being initiatives, and community engagement, while maintaining effective shareholder value delivery mechanisms."
BRK.B,Berkshire Hathaway,Financials,2016,DEF 14A,2016-03-11,0001193125-16-501649,9317,599,3.435,0.107,0.215,0.859,0.429,5.045,0.751,2.361,44.006,0.0,8.694,0.107,0.0,leadership_governance,customer_client_focus,2.254,1.932,7.835,0.077,15.55,41.1,,integrity_responsibility|leadership_governance,leadership_governance,shareholder_primacy,"Berkshire emphasizes strong corporate governance through a carefully selected board of directors with high integrity and an owner-oriented attitude, along with robust audit and governance oversight structures."
BRK.B,Berkshire Hathaway,Financials,2017,DEF 14A,2017-03-17,0001193125-17-087493,11356,709,4.843,0.528,0.528,0.704,0.44,4.227,0.616,2.994,40.771,0.176,9.775,0.176,0.528,leadership_governance,integrity_responsibility,2.466,2.642,6.781,-0.034,16.02,37.6,0.958,integrity_responsibility|leadership_governance|profitable_growth,leadership_governance,shareholder_primacy,"Berkshire emphasizes strong corporate governance, director integrity and sound business judgment to protect shareholder interests and ensure effective stewardship of the company."
BRK.B,Berkshire Hathaway,Financials,2018,DEF 14A,2018-03-16,0001193125-18-086050,11111,721,4.77,0.45,0.54,2.34,0.54,4.77,1.08,5.4,38.79,0.36,7.65,0.27,0.63,leadership_governance,environmental_stewardship,3.69,1.62,6.21,0.39,15.41,38.8,0.9656,integrity_responsibility|leadership_governance|operational_excellence|environmental_stewardship,leadership_governance,shareholder_primacy,"Berkshire emphasizes strong corporate governance, director integrity and competence, rigorous audit oversight, and responsible environmental stewardship while maintaining shareholder-focused decision-making."
BRK.B,Berkshire Hathaway,Financials,2019,DEF 14A,2019-03-15,0001193125-19-076915,9523,650,4.095,0.105,0.315,3.045,0.63,5.25,0.735,0.0,43.264,0.21,7.246,0.105,0.0,leadership_governance,customer_client_focus,1.89,0.42,5.775,0.636,14.65,42.1,0.9735,integrity_responsibility|leadership_governance|operational_excellence,leadership_governance,shareholder_primacy,Berkshire emphasizes selecting directors with high integrity and sound governance practices while maintaining strong shareholder oversight and fiduciary responsibility.
BRK.B,Berkshire Hathaway,Financials,2020,DEF 14A,2020-03-13,0001193125-20-072952,11708,774,3.502,0.171,0.256,2.904,2.306,5.125,0.769,0.0,42.364,0.171,8.2,0.171,0.0,leadership_governance,customer_client_focus,2.989,1.025,5.296,0.489,15.13,41.3,0.9815,integrity_responsibility|leadership_governance|profitable_growth,leadership_governance,shareholder_primacy,"Berkshire prioritizes selecting board members of very high integrity and business acumen to ensure sound governance and protect shareholder value, explicitly rejecting diversity-based nomination criteria in favor of merit-based selection."
BRK.B,Berkshire Hathaway,Financials,2021,DEF 14A,2021-03-15,0001193125-21-080418,11286,743,3.367,0.266,0.797,2.747,4.342,4.519,0.354,3.81,38.543,0.089,8.418,0.266,0.089,leadership_governance,customer_client_focus,5.139,1.329,7.177,0.589,15.19,38.9,0.9713,integrity_responsibility|leadership_governance|diversity_inclusion|profitable_growth,leadership_governance,shareholder_primacy,"Berkshire emphasizes strong corporate governance, director integrity and qualification, and sound decision-making to ensure long-term shareholder success, while acknowledging diversity and inclusion as important to sustained business performance."
BRK.B,Berkshire Hathaway,Financials,2022,DEF 14A,2022-03-11,0001193125-22-073447,12350,820,3.158,0.243,0.405,3.968,2.429,4.858,0.567,6.073,37.652,0.243,8.178,0.243,0.0,leadership_governance,environmental_stewardship,4.211,2.834,7.854,0.195,15.06,38.7,0.979,integrity_responsibility|leadership_governance|diversity_inclusion,leadership_governance,balanced,"Berkshire emphasizes strong corporate governance through director integrity and independence, sound board oversight structures, and commitment to diversity and inclusion in leadership."
BRK.B,Berkshire Hathaway,Financials,2023,DEF 14A,2023-03-17,0001193125-23-073948,14664,928,3.273,0.887,0.205,3.273,3.069,3.751,0.682,6.001,36.961,0.205,10.638,0.273,0.0,leadership_governance,environmental_stewardship,4.501,3.478,9.479,0.128,15.8,36.8,0.9765,integrity_responsibility|leadership_governance|diversity_inclusion,leadership_governance,shareholder_primacy,"Berkshire emphasizes strong corporate governance, director integrity and accountability, while resisting expanded diversity reporting and climate disclosure to focus governance on shareholder value and existing ethical standards."
BRK.B,Berkshire Hathaway,Financials,2024,DEF 14A,2024-03-15,0001193125-24-069107,15367,1090,2.993,0.911,0.716,3.059,3.319,3.97,0.846,7.028,31.236,0.781,8.655,0.26,2.017,leadership_governance,environmental_stewardship,4.49,2.993,7.158,0.2,14.1,39.4,0.9662,integrity_responsibility|leadership_governance|safety|environmental_stewardship|diversity_inclusion,leadership_governance,shareholder_primacy,"Berkshire emphasizes strong board governance built on director integrity and accountability, while resisting shareholder requests for enhanced environmental and diversity reporting."
C,Citigroup,Financials,2016,DEF 14A,2016-03-16,0001206774-16-004949,76816,3680,3.007,7.733,0.963,3.111,2.434,5.793,0.404,0.351,22.495,0.208,7.551,0.156,0.052,leadership_governance,operational_excellence,8.436,2.578,8.358,0.532,20.87,29.8,,leadership_governance|integrity_responsibility,leadership_governance,balanced,"Citi emphasizes strong independent governance structures, ethics oversight, and accountability through committee independence, stockholder proxy access, and rigorous board leadership standards to ensure sound decision-making and stakeholder trust."
C,Citigroup,Financials,2017,DEF 14A,2017-03-15,0001206774-17-000828,56747,2964,4.476,5.992,1.269,2.925,2.82,8.159,0.564,0.476,27.861,0.352,7.666,0.159,0.07,leadership_governance,customer_client_focus,9.005,2.855,8.036,0.519,19.15,28.6,0.9737,leadership_governance|integrity_responsibility|profitable_growth,leadership_governance,shareholder_primacy,"Citi emphasizes strong independent board governance, ethical culture oversight, and shareholder value creation through performance metrics tied to financial returns."
C,Citigroup,Financials,2018,DEF 14A,2018-03-15,0001206774-18-000792,75290,3614,3.599,5.512,1.049,3.081,2.47,7.186,0.518,1.209,25.236,0.305,8.089,0.173,0.133,leadership_governance,customer_client_focus,8.979,2.444,8.328,0.572,20.83,29.1,0.9866,integrity_responsibility|leadership_governance|diversity_inclusion|community_social_good|profitable_growth,leadership_governance,balanced,"Citi emphasizes strong independent governance, ethics and culture oversight, board diversity, responsible financial services to clients, and community engagement alongside shareholder value creation through operational metrics and performance management."
C,Citigroup,Financials,2019,DEF 14A,2019-03-06,0001206774-19-000719,69167,3418,3.672,5.219,1.128,3.137,2.906,7.518,0.535,1.388,26.848,0.549,7.923,0.13,0.058,leadership_governance,customer_client_focus,8.689,2.284,8.573,0.584,20.24,30.2,0.9966,leadership_governance|integrity_responsibility|diversity_inclusion|community_social_good|operational_excellence|profitable_growth,leadership_governance,balanced,"Citi emphasizes strong board governance, ethics, diversity, and responsible client relationships while maintaining focus on profitability and shareholder returns."
C,Citigroup,Financials,2020,DEF 14A,2020-03-11,0001206774-20-000777,74470,3782,3.773,5.25,0.94,3.518,2.78,6.768,0.698,1.638,26.306,0.389,6.338,0.161,0.094,leadership_governance,customer_client_focus,8.446,2.189,8.487,0.588,19.69,30.5,0.9966,integrity_responsibility|leadership_governance|diversity_inclusion|community_social_good|operational_excellence|people_talent|environmental_stewardship|profitable_growth,leadership_governance,balanced,"Citi emphasizes strong corporate governance, ethical culture, board independence and diversity, stakeholder engagement on ESG matters, and sustainable business practices alongside operational performance and shareholder value."
C,Citigroup,Financials,2021,DEF 14A,2021-03-17,0001206774-21-000735,79906,3980,4.092,4.731,1.026,4.518,2.866,6.908,0.801,2.328,28.146,0.626,6.157,0.15,0.288,leadership_governance,customer_client_focus,9.298,2.353,8.935,0.596,20.08,30.2,0.9941,diversity_inclusion|leadership_governance|integrity_responsibility|people_talent|operational_excellence|community_social_good,leadership_governance,balanced,"Citi emphasizes strong independent governance, board diversity, ethical culture, employee development, and responsible financial services that balance shareholder interests with broader stakeholder accountability including communities and employees."
C,Citigroup,Financials,2022,DEF 14A,2022-03-15,0001206774-22-000697,74653,3661,4.153,5.104,0.844,4.836,3.389,7.046,0.871,3.67,27.501,0.589,5.452,0.281,0.121,leadership_governance,customer_client_focus,9.899,2.344,9.27,0.617,20.39,29.8,0.9963,integrity_responsibility|diversity_inclusion|leadership_governance|customer_client_focus|operational_excellence,leadership_governance,balanced,"Citi emphasizes strong independent board governance, diversity and inclusion, ethical culture, and responsible client service as foundational to trustworthy financial stewardship."
C,Citigroup,Financials,2023,DEF 14A,2023-03-15,0001206774-23-000374,76422,3667,3.664,5.771,1.073,4.554,3.297,6.896,0.563,3.154,28.264,0.811,5.823,0.222,0.131,leadership_governance,customer_client_focus,10.625,1.976,9.644,0.686,20.84,28.0,0.9961,diversity_inclusion|leadership_governance|integrity_responsibility|people_talent|operational_excellence|profitable_growth,leadership_governance,balanced,"Citi emphasizes strong independent governance, board diversity, ethical culture, talent development, and operational excellence while maintaining focus on shareholder alignment and economic progress for clients and stakeholders."
C,Citigroup,Financials,2024,DEF 14A,2024-03-19,0001145443-24-000041,79427,3810,3.601,5.829,1.121,4.47,4.155,7.227,0.541,2.48,28.605,0.63,6.068,0.164,0.101,leadership_governance,customer_client_focus,9.883,2.367,9.468,0.614,20.85,27.6,0.9967,diversity_inclusion|leadership_governance|integrity_responsibility|environmental_stewardship|community_social_good|people_talent|operational_excellence,leadership_governance,balanced,"Citi emphasizes strong, independent Board governance with robust oversight of risk, compliance, ethics, diversity, environmental and social matters, while serving as a trusted financial partner to clients and stakeholders."
GS,Goldman Sachs,Financials,2016,DEF 14A,2016-04-08,0001193125-16-534905,45095,1996,3.06,3.969,0.444,3.459,2.949,6.231,1.02,0.643,37.122,0.266,10.955,0.155,0.177,leadership_governance,customer_client_focus,8.715,1.974,8.56,0.631,22.59,29.0,,leadership_governance|integrity_responsibility|profitable_growth,leadership_governance,shareholder_primacy,"The company emphasizes strong independent board governance, rigorous oversight of management, and shareholder value protection through enhanced director independence and robust committee structures."
GS,Goldman Sachs,Financials,2017,DEF 14A,2017-03-17,0001193125-17-086538,44336,1963,2.977,4.082,0.519,3.203,2.504,5.323,0.902,0.564,32.163,0.293,8.526,0.158,0.18,leadership_governance,customer_client_focus,8.616,1.421,7.714,0.717,22.59,30.4,0.9804,leadership_governance|diversity_inclusion|integrity_responsibility,leadership_governance,balanced,"The proxy emphasizes robust governance structures, board independence, director diversity, and rigorous evaluation processes to ensure effective oversight and accountability."
GS,Goldman Sachs,Financials,2018,DEF 14A,2018-03-23,0001193125-18-093157,67908,3143,2.253,2.872,0.353,2.901,2.415,4.565,0.707,0.412,27.125,0.221,9.528,0.059,0.133,leadership_governance,customer_client_focus,7.746,1.855,9.056,0.613,21.61,33.6,0.8951,leadership_governance|diversity_inclusion|integrity_responsibility|people_talent|profitable_growth,leadership_governance,balanced,"The company emphasizes strong corporate governance through rigorous board refreshment, independence standards, diversity focus, and comprehensive oversight structures while aligning executive compensation with shareholder interests and firm performance."
GS,Goldman Sachs,Financials,2019,DEF 14A,2019-03-22,0001193125-19-082951,50099,2290,3.014,3.892,0.798,4.132,2.715,5.828,0.938,0.758,34.931,0.359,9.761,0.14,0.16,leadership_governance,customer_client_focus,9.96,1.597,9.062,0.724,21.88,29.9,0.888,diversity_inclusion|leadership_governance|integrity_responsibility|profitable_growth,leadership_governance,balanced,"The company emphasizes strong, independent board governance with comprehensive director evaluation, diversity in board composition, and oversight of strategy, risk and culture to benefit shareholders and the firm."
GS,Goldman Sachs,Financials,2020,DEF 14A,2020-03-20,0001193125-20-080718,46216,1814,3.57,4.522,0.736,4.912,3.311,6.145,1.277,2.012,37.087,0.584,10.343,0.195,0.303,leadership_governance,customer_client_focus,11.295,1.731,9.109,0.734,25.48,24.6,0.9731,leadership_governance|diversity_inclusion|integrity_responsibility|community_social_good|environmental_stewardship|people_talent,leadership_governance,balanced,"The company emphasizes strong corporate governance, board independence, director diversity, and sustainability considerations as core to its leadership structure and stakeholder engagement."
GS,Goldman Sachs,Financials,2021,DEF 14A,2021-03-19,0001193125-21-087020,73904,3141,2.192,3.505,0.582,4.141,3.559,5.439,1.204,1.786,27.996,0.839,9.174,0.189,0.284,leadership_governance,customer_client_focus,9.851,2.138,9.336,0.643,23.53,29.8,0.9101,integrity_responsibility|leadership_governance|diversity_inclusion|community_social_good|environmental_stewardship|people_talent|profitable_growth,leadership_governance,balanced,"The company emphasizes strong independent governance, board diversity and refreshment, stakeholder engagement including racial equity and climate commitments, and sustainable finance as central to long-term shareholder and stakeholder success."
GS,Goldman Sachs,Financials,2022,DEF 14A,2022-03-18,0001193125-22-079120,57480,2189,2.731,5.463,0.783,3.949,3.375,5.898,1.618,2.992,34.656,1.148,11.134,0.331,0.383,leadership_governance,customer_client_focus,12.63,1.531,8.542,0.784,26.26,23.7,0.9065,leadership_governance|diversity_inclusion|integrity_responsibility|people_talent|environmental_stewardship|profitable_growth,leadership_governance,balanced,"The company emphasizes strong, independent board governance with diversity in composition and succession planning, while balancing shareholder value creation with environmental sustainability and stakeholder engagement commitments."
GS,Goldman Sachs,Financials,2023,DEF 14A,2023-03-17,0001193125-23-073347,67871,2852,2.829,4.892,1.031,3.124,3.86,5.555,1.105,4.405,29.6,0.958,9.253,0.147,0.147,leadership_governance,customer_client_focus,12.892,1.709,9.135,0.766,23.8,26.8,0.9735,leadership_governance|diversity_inclusion|integrity_responsibility|operational_excellence|community_social_good|environmental_stewardship|profitable_growth|human_progress_wellbeing,leadership_governance,balanced,"The company emphasizes strong independent Board governance, diversity and inclusion, ethical conduct, and sustainability commitments while maintaining shareholder value creation through effective oversight and firm reputation management."
GS,Goldman Sachs,Financials,2024,DEF 14A,2024-03-15,0001193125-24-068743,66734,2718,3.087,5.02,0.914,3.447,3.671,5.904,0.914,4.451,32.337,0.839,9.635,0.225,0.225,leadership_governance,customer_client_focus,12.737,2.038,9.62,0.724,24.55,24.6,0.9826,integrity_responsibility|operational_excellence|customer_client_focus|leadership_governance|diversity_inclusion|people_talent|environmental_stewardship|community_social_good|profitable_growth,leadership_governance,balanced,"The company aspires to be an exceptional financial institution guided by partnership, client service, integrity and excellence, with strong independent Board governance, robust oversight of strategy and culture, commitment to diversity and sustainability, and focus on people development and risk management."
JPM,JPMorgan Chase,Financials,2016,DEF 14A,2016-04-07,0000019617-16-000933,50415,2543,4.165,5.415,1.23,4.76,2.777,9.64,0.476,0.496,28.484,0.496,7.24,0.179,0.238,leadership_governance,customer_client_focus,13.012,2.222,8.371,0.708,19.83,30.1,,leadership_governance|integrity_responsibility|profitable_growth,leadership_governance,shareholder_primacy,"JPMorgan Chase emphasizes strong independent board oversight, sound governance structures, and fiduciary responsibility to shareholders as central to effective leadership and sustained shareholder value."
JPM,JPMorgan Chase,Financials,2017,DEF 14A,2017-04-05,0000019617-17-000340,46012,2367,4.238,5.303,1.108,5.39,3.955,7.759,0.304,0.891,30.144,0.369,7.129,0.239,0.196,leadership_governance,customer_client_focus,11.758,2.021,8.802,0.707,19.44,31.9,0.9827,leadership_governance|integrity_responsibility|profitable_growth,leadership_governance,balanced,"JPMorgan Chase emphasizes strong corporate governance through independent board leadership, robust committee structures, and rigorous oversight of management and risk to protect shareholder interests while maintaining ethical conduct and sound business practices."
JPM,JPMorgan Chase,Financials,2018,DEF 14A,2018-04-05,0000019617-18-000077,60545,2730,3.766,4.707,0.661,5.12,2.758,7.35,0.677,0.809,30.176,0.429,8.655,0.264,0.165,leadership_governance,customer_client_focus,10.125,1.47,9.497,0.746,22.18,31.4,0.9539,leadership_governance|integrity_responsibility|operational_excellence,leadership_governance,shareholder_primacy,"JPMorgan Chase emphasizes strong corporate governance through independent board oversight, clear leadership structures, and rigorous self-assessment processes designed to protect shareholder interests."
JPM,JPMorgan Chase,Financials,2019,DEF 14A,2019-04-05,0001193125-19-098338,47756,2207,3.937,5.361,1.235,6.429,3.644,7.852,0.9,1.005,32.645,0.796,8.208,0.335,0.209,leadership_governance,customer_client_focus,11.538,1.403,9.36,0.783,21.64,28.8,0.9628,leadership_governance|integrity_responsibility|profitable_growth|community_social_good|people_talent|safety,leadership_governance,balanced,"The company emphasizes strong corporate governance, board independence, and oversight while balancing commitments to shareholder value, employees, customers, and communities through responsible business practices."
JPM,JPMorgan Chase,Financials,2020,DEF 14A,2020-04-06,0001193125-20-098865,52637,2390,4.047,4.788,1.159,6.858,3.8,8.587,1.634,3.116,27.927,0.893,7.732,0.38,0.152,leadership_governance,customer_client_focus,12.482,1.558,8.72,0.778,22.02,28.6,0.948,integrity_responsibility|leadership_governance|diversity_inclusion|customer_client_focus|community_social_good|environmental_stewardship|people_talent|profitable_growth,leadership_governance,balanced,"JPMorgan Chase emphasizes strong corporate governance, cultural stewardship, and responsible business conduct while balancing commitments to shareholders, customers, employees, and communities through comprehensive Board oversight and inclusive growth."
JPM,JPMorgan Chase,Financials,2021,DEF 14A,2021-04-07,0000019617-21-000275,63727,2735,3.499,5.712,1.02,6.967,4.441,7.705,1.71,1.287,28.606,1.13,7.579,0.235,0.33,leadership_governance,customer_client_focus,11.314,1.93,8.991,0.709,23.3,27.7,0.9542,leadership_governance|integrity_responsibility|operational_excellence|customer_client_focus|people_talent|diversity_inclusion|community_social_good|safety,leadership_governance,balanced,"JPMorgan Chase emphasizes strong corporate governance with independent oversight, integrity and responsible conduct, operational excellence, and a commitment to customers, talent development, diversity, community engagement, and safety."
JPM,JPMorgan Chase,Financials,2022,DEF 14A,2022-04-04,0000019617-22-000303,59290,2652,3.609,6.072,1.248,7.016,4.588,8.248,1.636,4.115,30.056,1.164,7.758,0.354,0.287,leadership_governance,customer_client_focus,13.324,2.007,8.585,0.738,22.36,26.9,0.9706,leadership_governance|integrity_responsibility|operational_excellence|customer_client_focus|people_talent|diversity_inclusion|community_social_good|environmental_stewardship|profitable_growth,leadership_governance,balanced,"JPMorgan Chase emphasizes strong, independent Board governance with a Lead Independent Director structure, complemented by commitments to integrity, operational excellence, customer service, talent development, diversity, community investment, and environmental sustainability."
JPM,JPMorgan Chase,Financials,2023,DEF 14A,2023-04-04,0000019617-23-000281,65857,2996,3.675,5.709,1.2,4.95,3.614,8.427,0.987,5.193,28.881,1.184,8.594,0.243,0.289,leadership_governance,customer_client_focus,12.679,2.475,8.807,0.673,21.98,27.7,0.9693,leadership_governance|operational_excellence|integrity_responsibility|customer_client_focus|people_talent|diversity_inclusion|community_social_good|environmental_stewardship|profitable_growth|safety,leadership_governance,balanced,"JPMorgan Chase emphasizes strong corporate governance, board oversight and leadership structure while also committing to operational excellence, customer service, employee development, community investment, and environmental sustainability."
JPM,JPMorgan Chase,Financials,2024,DEF 14A,2024-04-08,0000019617-24-000273,71449,3217,2.981,5.542,0.84,6.256,3.555,7.936,0.896,2.869,27.712,0.728,7.25,0.28,0.168,leadership_governance,customer_client_focus,12.135,2.729,9.531,0.633,22.21,28.0,0.9644,leadership_governance|integrity_responsibility|operational_excellence|customer_client_focus|people_talent,leadership_governance,balanced,"JPMorgan Chase emphasizes strong, independent board governance with sound oversight practices, while also committing to integrity, operational excellence, client service, and talented teams as foundational to long-term business success."
MS,Morgan Stanley,Financials,2016,DEF 14A,2016-04-01,0001206774-16-005286,51593,2454,2.636,5.854,0.64,3.373,3.799,5.35,0.213,0.31,27.155,0.33,8.315,0.058,0.136,leadership_governance,operational_excellence,9.129,2.055,9.982,0.633,21.02,30.5,,leadership_governance|profitable_growth|integrity_responsibility|operational_excellence,leadership_governance,shareholder_primacy,"Morgan Stanley emphasizes strong corporate governance with independent board oversight, rigorous risk management, and executive compensation tied to strategic objectives and shareholder returns."
MS,Morgan Stanley,Financials,2017,DEF 14A,2017-04-07,0001206774-17-001114,64880,2738,2.435,4.963,0.724,3.9,3.591,5.518,0.493,0.57,29.346,0.339,7.383,0.092,0.123,leadership_governance,customer_client_focus,8.493,1.973,9.232,0.623,23.7,28.9,0.9725,leadership_governance|integrity_responsibility|profitable_growth,leadership_governance,shareholder_primacy,"Morgan Stanley emphasizes strong independent board governance, rigorous oversight mechanisms, and alignment of director and management interests with shareholder returns."
MS,Morgan Stanley,Financials,2018,DEF 14A,2018-04-06,0001193125-18-109962,39660,1859,3.303,6.278,1.311,3.908,3.58,6.858,0.731,1.311,35.098,0.353,8.422,0.076,0.202,leadership_governance,customer_client_focus,11.094,1.462,8.775,0.767,21.33,27.5,0.9289,leadership_governance|integrity_responsibility|operational_excellence,leadership_governance,balanced,"Morgan Stanley emphasizes strong corporate governance through independent board oversight, rigorous director selection and rotation, robust committee structures, and clear accountability mechanisms while also noting engagement with shareholders on strategy and sustainability goals."
MS,Morgan Stanley,Financials,2019,DEF 14A,2019-04-05,0001193125-19-099179,41603,1927,3.317,6.802,1.37,4.206,3.678,5.841,0.697,1.514,35.598,0.649,8.148,0.12,0.144,leadership_governance,operational_excellence,11.946,1.37,8.437,0.794,21.59,26.6,0.9906,people_talent|diversity_inclusion|leadership_governance|integrity_responsibility|operational_excellence|environmental_stewardship|profitable_growth,leadership_governance,balanced,"Morgan Stanley emphasizes strong governance, inclusive culture, and talented leadership while balancing employee development, operational excellence, and shareholder returns."
MS,Morgan Stanley,Financials,2020,DEF 14A,2020-04-03,0001193125-20-098079,40942,1932,2.955,6.888,1.661,4.128,3.713,5.886,0.708,1.49,34.561,0.611,7.034,0.098,0.195,leadership_governance,operational_excellence,11.309,1.001,8.28,0.837,21.19,27.7,0.9927,leadership_governance|people_talent|diversity_inclusion|community_social_good|environmental_stewardship|integrity_responsibility|profitable_growth|operational_excellence,leadership_governance,balanced,"Morgan Stanley emphasizes sound corporate governance with independent Board oversight, shareholder engagement, and balanced attention to employee development, sustainability, and financial performance."
MS,Morgan Stanley,Financials,2021,DEF 14A,2021-04-01,0001140361-21-011226,49915,2180,2.224,5.71,1.422,4.968,4.848,5.369,0.801,0.861,31.033,1.182,6.351,0.08,0.22,leadership_governance,operational_excellence,10.418,1.603,8.815,0.733,22.9,26.8,0.9744,leadership_governance|integrity_responsibility|people_talent|diversity_inclusion|profitable_growth,leadership_governance,balanced,"Morgan Stanley emphasizes strong corporate governance through independent board leadership, rigorous risk oversight, diversity and inclusion initiatives, and balanced consideration of shareholder returns alongside employee well-being and community stewardship."
MS,Morgan Stanley,Financials,2022,DEF 14A,2022-04-08,0001140361-22-013794,41434,2026,2.365,6.323,1.834,4.923,4.151,6.444,0.603,3.138,34.392,0.869,7.096,0.024,0.193,leadership_governance,customer_client_focus,12.26,1.303,8.906,0.808,20.45,26.8,0.9676,integrity_responsibility|leadership_governance|diversity_inclusion|profitable_growth,leadership_governance,balanced,"Morgan Stanley emphasizes strong corporate governance, board independence, director succession planning, and diversity while maintaining shareholder value through sound management oversight and accountability structures."
MS,Morgan Stanley,Financials,2023,DEF 14A,2023-04-06,0001140361-23-016930,46366,2129,2.243,6.902,1.488,4.27,4.4,5.845,0.582,4.357,32.524,0.561,9.252,0.065,0.043,leadership_governance,operational_excellence,11.927,1.467,8.735,0.781,21.78,24.4,0.9784,leadership_governance|diversity_inclusion|people_talent|profitable_growth|community_social_good|environmental_stewardship,leadership_governance,balanced,"Morgan Stanley emphasizes strong corporate governance, board independence and diversity, responsible human capital management, and integration of sustainability and environmental considerations alongside shareholder value creation."
MS,Morgan Stanley,Financials,2024,DEF 14A,2024-04-05,0001140361-24-018302,63787,2934,2.352,6.616,0.925,5.205,3.668,5.048,0.408,3.088,28.815,0.533,7.102,0.094,0.063,leadership_governance,operational_excellence,12.949,1.975,9.547,0.735,21.74,26.5,0.8905,leadership_governance|integrity_responsibility|people_talent|diversity_inclusion|community_social_good|environmental_stewardship|profitable_growth,leadership_governance,balanced,"Morgan Stanley emphasizes best-in-class governance practices, board independence and oversight, employee development and diversity, community responsibility, and climate stewardship alongside strong shareholder returns."
SCHW,Charles Schwab,Financials,2016,DEF 14A,2016-03-30,0001193125-16-523055,27658,1666,1.591,5.676,0.253,2.892,3.796,6.291,0.362,0.217,26.647,0.253,5.785,0.325,0.0,leadership_governance,customer_client_focus,7.882,1.591,5.713,0.664,16.6,38.1,,leadership_governance|integrity_responsibility|operational_excellence|profitable_growth,leadership_governance,balanced,"The company emphasizes strong corporate governance through independent board oversight, rigorous audit and compensation controls, and disciplined financial performance aligned with client service and shareholder returns."
SCHW,Charles Schwab,Financials,2017,DEF 14A,2017-03-30,0001193125-17-103408,29950,1731,1.603,6.077,0.267,2.805,3.472,6.177,0.267,0.134,26.043,0.267,7.713,0.334,0.033,leadership_governance,customer_client_focus,7.746,2.437,6.244,0.521,17.3,36.2,0.9887,leadership_governance|integrity_responsibility|profitable_growth|diversity_inclusion|operational_excellence,leadership_governance,balanced,"The company emphasizes strong corporate governance through independent board oversight, rigorous committee structures, and transparent accountability mechanisms while pursuing disciplined financial performance and stakeholder value creation."
SCHW,Charles Schwab,Financials,2018,DEF 14A,2018-03-30,0001193125-18-103068,59692,2633,1.524,4.456,0.117,3.585,2.379,4.356,0.318,0.034,24.107,0.117,9.616,0.117,0.05,leadership_governance,operational_excellence,6.333,1.709,6.785,0.575,22.67,36.3,0.9012,leadership_governance|profitable_growth|people_talent,leadership_governance,shareholder_primacy,"The company emphasizes strong corporate governance through independent board leadership, committee oversight, and executive compensation structures tied to shareholder value creation and long-term financial performance."
SCHW,Charles Schwab,Financials,2019,DEF 14A,2019-03-29,0001193125-19-092204,27812,1610,2.121,5.465,0.36,3.811,4.638,7.982,0.611,0.18,29.376,0.144,5.178,0.18,0.072,leadership_governance,customer_client_focus,8.198,1.187,6.041,0.747,17.27,35.6,0.8912,leadership_governance|diversity_inclusion|integrity_responsibility|profitable_growth,leadership_governance,balanced,"The company emphasizes strong corporate governance through independent board oversight, rigorous committee structures, transparent executive compensation tied to financial performance, and a commitment to diversity and inclusive leadership as essential to serving clients with integrity and building long-term stockholder value."
SCHW,Charles Schwab,Financials,2020,DEF 14A,2020-03-31,0001193125-20-092483,59725,2483,1.39,4.454,0.234,3.633,2.763,4.839,0.469,0.067,26.153,0.151,9.544,0.117,0.067,leadership_governance,customer_client_focus,6.53,1.792,7.015,0.569,24.05,33.7,0.8892,leadership_governance|diversity_inclusion|integrity_responsibility|operational_excellence|profitable_growth,leadership_governance,balanced,"The company emphasizes strong corporate governance through independent board oversight, committee structures, director qualifications including diversity of experience and background, and linkage of director and employee compensation to stockholder interests while valuing integrity and inclusion in its organizational culture."
SCHW,Charles Schwab,Financials,2021,DEF 14A,2021-04-02,0001193125-21-104906,32980,1878,2.062,5.488,1.031,2.911,3.548,7.914,0.758,0.788,31.17,0.121,6.186,0.182,0.121,leadership_governance,customer_client_focus,7.216,1.486,6.398,0.659,17.56,33.0,0.8304,leadership_governance|integrity_responsibility|diversity_inclusion|community_social_good|environmental_stewardship|profitable_growth,leadership_governance,balanced,"The company emphasizes strong corporate governance, board independence and accountability, director diversity and expertise, while also highlighting environmental responsibility, community engagement, and disciplined financial performance."
SCHW,Charles Schwab,Financials,2022,DEF 14A,2022-04-01,0001193125-22-093320,61129,2600,1.325,4.482,0.523,2.83,2.372,5.856,0.327,0.376,27.957,0.065,9.93,0.065,0.115,leadership_governance,customer_client_focus,6.789,1.57,6.887,0.624,23.51,31.7,0.9112,leadership_governance|profitable_growth|diversity_inclusion,leadership_governance,shareholder_primacy,"The company emphasizes strong corporate governance through independent board oversight, rigorous performance-based compensation tied to financial results, and director diversity of experience, while prioritizing long-term shareholder value creation."
SCHW,Charles Schwab,Financials,2023,DEF 14A,2023-03-31,0001193125-23-086655,38054,1957,2.418,4.756,0.841,3.679,6.859,7.857,0.71,0.736,28.749,0.368,6.596,0.131,0.079,leadership_governance,customer_client_focus,8.094,1.314,7.095,0.721,19.45,29.6,0.8923,integrity_responsibility|leadership_governance|diversity_inclusion|people_talent|profitable_growth,leadership_governance,balanced,"The company emphasizes strong corporate governance, ethical standards, board independence and effectiveness, diversity and inclusion initiatives, and risk management as fundamental to achieving its vision of being the most trusted leader while delivering long-term shareholder value."
SCHW,Charles Schwab,Financials,2024,DEF 14A,2024-04-05,0001193125-24-087883,38564,1955,2.152,4.512,0.882,4.408,6.094,7.624,0.83,0.726,28.342,0.441,6.664,0.207,0.078,leadership_governance,customer_client_focus,8.817,1.763,7.39,0.667,19.73,30.2,0.9932,integrity_responsibility|leadership_governance|diversity_inclusion|people_talent|customer_client_focus|profitable_growth,leadership_governance,balanced,"The company emphasizes strong corporate governance, ethical standards, board independence and diversity, and workforce inclusion as foundational to serving customers, employees, and shareholders alike."
WFC,Wells Fargo,Financials,2016,DEF 14A,2016-03-16,0001193125-16-506771,57357,2572,3.679,9.711,0.54,1.743,2.022,7.619,0.994,0.314,26.919,0.314,6.276,0.192,0.105,leadership_governance,operational_excellence,9.432,1.691,10.426,0.696,22.3,29.2,,leadership_governance|diversity_inclusion|integrity_responsibility|profitable_growth,leadership_governance,balanced,"The company emphasizes sound corporate governance through independent board leadership, robust ethical standards, board diversity, and strong risk oversight while maintaining focus on long-term stockholder value creation and shareholder returns."
WFC,Wells Fargo,Financials,2017,DEF 14A,2017-03-15,0001193125-17-083591,68281,3050,5.961,6.415,0.615,1.919,2.021,9.197,0.908,0.454,29.745,0.395,5.712,0.161,0.044,leadership_governance,customer_client_focus,9.124,2.065,11.101,0.631,22.39,29.4,0.9655,integrity_responsibility|leadership_governance|diversity_inclusion|people_talent,leadership_governance,balanced,"The company emphasizes strong independent Board governance, enhanced oversight of conduct and ethics through new governance structures, and Board composition refresh to strengthen accountability and trustworthiness across the organization."
WFC,Wells Fargo,Financials,2018,DEF 14A,2018-03-14,0001193125-18-082312,68863,2595,5.504,7.45,1.467,2.57,2.44,10.165,1.67,0.741,32.877,0.668,5.315,0.131,0.044,leadership_governance,customer_client_focus,10.688,1.844,12.038,0.706,26.54,21.7,0.9411,integrity_responsibility|leadership_governance|diversity_inclusion|people_talent|customer_client_focus|community_social_good|environmental_stewardship|profitable_growth,leadership_governance,balanced,"Wells Fargo emphasizes strong corporate governance, ethics, diversity, and risk oversight while maintaining commitment to customers, employees, communities, and shareholder returns as core organizational values."
WFC,Wells Fargo,Financials,2019,DEF 14A,2019-03-13,0001193125-19-073314,96180,3611,3.972,9.212,1.414,4.096,3.473,10.418,1.643,1.009,27.438,1.04,4.814,0.187,0.042,leadership_governance,customer_client_focus,13.204,1.695,12.258,0.773,26.64,22.4,0.9478,integrity_responsibility|leadership_governance|diversity_inclusion|people_talent|operational_excellence,leadership_governance,balanced,"Wells Fargo emphasizes strong independent Board governance, ethics and integrity, Board refreshment and diversity, robust risk oversight, and investment in employee development as core values for restoring stakeholder trust and sound corporate stewardship."
WFC,Wells Fargo,Financials,2020,DEF 14A,2020-03-16,0001193125-20-074921,71715,3001,4.49,10.333,1.269,7.851,4.002,6.93,1.018,0.614,30.231,0.906,5.368,0.084,0.084,leadership_governance,operational_excellence,12.745,1.952,11.113,0.734,23.9,23.5,0.9258,leadership_governance|diversity_inclusion|people_talent|community_social_good|integrity_responsibility|profitable_growth,leadership_governance,stakeholder_oriented,"Wells Fargo emphasizes strong independent board governance, stakeholder-inclusive value creation, diversity and inclusion in the workforce, and community engagement alongside shareholder returns."
WFC,Wells Fargo,Financials,2021,DEF 14A,2021-03-16,0001193125-21-082907,73059,2880,5.133,9.225,1.273,7.994,5.817,7.364,1.807,1.287,31.454,1.109,5.489,0.151,0.383,leadership_governance,operational_excellence,11.717,1.944,13.113,0.715,25.37,20.9,0.9741,leadership_governance|integrity_responsibility|diversity_inclusion|people_talent|community_social_good|safety,leadership_governance,balanced,"Wells Fargo emphasizes strong independent governance, board oversight, diversity and inclusion initiatives, human capital development, and stakeholder engagement across employees, communities, and shareholders."
WFC,Wells Fargo,Financials,2022,DEF 14A,2022-03-14,0001193125-22-074612,79034,3203,3.619,7.87,1.632,6.529,4.024,6.25,1.632,1.784,27.722,1.291,5.896,0.152,0.152,leadership_governance,operational_excellence,10.97,2.202,11.944,0.666,24.67,24.4,0.955,leadership_governance|diversity_inclusion|people_talent|environmental_stewardship|integrity_responsibility|profitable_growth,leadership_governance,balanced,"Wells Fargo emphasizes strong independent governance, board diversity and oversight of workforce matters alongside shareholder value creation, environmental sustainability, and responsible business practices."
WFC,Wells Fargo,Financials,2023,DEF 14A,2023-03-15,0001193125-23-071373,65540,2772,4.043,7.568,2.075,5.966,2.762,7.598,1.144,3.753,27.891,1.48,6.942,0.107,0.122,leadership_governance,customer_client_focus,11.321,3.204,11.489,0.559,23.64,22.5,0.9294,integrity_responsibility|leadership_governance|diversity_inclusion|community_social_good|environmental_stewardship|people_talent|operational_excellence|customer_client_focus,leadership_governance,balanced,"Wells Fargo emphasizes strong independent Board governance, risk management, and oversight of diversity, environmental sustainability, and community responsibility alongside operational excellence and customer service."
WFC,Wells Fargo,Financials,2024,DEF 14A,2024-03-18,0000072971-24-000084,72288,3279,4.51,6.82,1.48,7.913,3.223,7.719,1.771,3.472,30.793,1.19,7.069,0.111,0.111,leadership_governance,people_talent,11.261,2.781,11.786,0.604,22.05,22.3,0.969,leadership_governance|diversity_inclusion|integrity_responsibility|people_talent,leadership_governance,balanced,"Wells Fargo emphasizes strong independent Board leadership with diverse composition, robust governance structures, and stakeholder engagement as key to oversight and fiduciary responsibility."
ABBV,AbbVie,Healthcare,2016,DEF 14A,2016-03-21,0001047469-16-011386,32921,1710,3.25,6.743,0.759,2.977,1.883,3.918,0.365,0.395,26.123,1.367,10.085,0.03,0.182,leadership_governance,operational_excellence,10.844,1.549,6.014,0.75,19.25,34.0,,leadership_governance|integrity_responsibility|diversity_inclusion|profitable_growth,leadership_governance,balanced,"AbbVie emphasizes strong corporate governance with independent oversight, board diversity, and alignment of executive compensation with shareholder interests and company performance while maintaining ethical and responsible conduct standards."
ABBV,AbbVie,Healthcare,2017,DEF 14A,2017-03-20,0001047469-17-001778,33357,1761,3.058,6.385,1.019,3.058,1.769,3.927,0.06,0.12,29.589,1.199,10.313,0.03,0.0,leadership_governance,operational_excellence,11.092,1.739,6.056,0.729,18.94,34.6,0.9945,leadership_governance|integrity_responsibility|diversity_inclusion|profitable_growth,leadership_governance,shareholder_primacy,"AbbVie emphasizes strong corporate governance, board independence, rigorous oversight mechanisms, and diversity in director selection to protect shareholder interests and enhance stockholder value."
ABBV,AbbVie,Healthcare,2018,DEF 14A,2018-03-19,0001047469-18-001843,36320,1929,3.359,6.14,1.129,3.249,1.597,3.717,0.496,0.551,29.24,1.239,10.352,0.0,0.055,leadership_governance,operational_excellence,11.536,2.037,6.58,0.7,18.83,33.6,0.9948,integrity_responsibility|leadership_governance|diversity_inclusion|human_progress_wellbeing|community_social_good|environmental_stewardship|profitable_growth,leadership_governance,balanced,"AbbVie emphasizes strong corporate governance, board independence and oversight, diversity in board composition, and responsible corporate practices including health outcomes, community engagement, environmental stewardship, and ethical culture alongside shareholder value creation."
ABBV,AbbVie,Healthcare,2019,DEF 14A,2019-03-22,0001047469-19-001544,35446,1935,3.555,6.94,1.354,3.696,1.89,3.978,0.564,0.536,27.986,1.777,10.015,0.028,0.141,leadership_governance,operational_excellence,11.595,2.144,6.432,0.688,18.32,33.3,0.9961,leadership_governance|integrity_responsibility|diversity_inclusion|people_talent|community_social_good|profitable_growth,leadership_governance,balanced,"AbbVie emphasizes strong corporate governance, board independence, diversity and inclusion, ethical oversight, and accountability to shareholders and stakeholders."
ABBV,AbbVie,Healthcare,2020,DEF 14A,2020-03-23,0001047469-20-001710,35823,1978,3.741,6.504,1.284,3.741,2.205,4.159,0.447,1.117,28.417,1.647,9.463,0.028,0.307,leadership_governance,operational_excellence,11.334,2.177,6.588,0.678,18.11,32.8,0.9967,integrity_responsibility|leadership_governance|diversity_inclusion|environmental_stewardship|people_talent|profitable_growth,leadership_governance,balanced,"AbbVie emphasizes strong corporate governance, board independence and oversight, integrity in management, diversity, environmental sustainability, and employee development as foundational to creating long-term stockholder value and trust."
ABBV,AbbVie,Healthcare,2021,DEF 14A,2021-03-22,0001558370-21-003318,61575,2765,2.777,4.97,0.958,5.603,2.03,3.281,0.763,0.763,21.535,1.186,7.454,0.032,0.162,leadership_governance,people_talent,12.132,1.868,7.162,0.733,22.27,31.9,0.9343,integrity_responsibility|innovation_science|community_social_good|environmental_stewardship|leadership_governance|diversity_inclusion|safety|operational_excellence,leadership_governance,balanced,"AbbVie emphasizes acting with integrity and uncompromising standards across quality, compliance, and safety while driving innovation in healthcare and serving communities, all supported by robust board independence, diversity, and strong corporate governance practices."
ABBV,AbbVie,Healthcare,2022,DEF 14A,2022-03-21,0001558370-22-004011,39439,2112,3.778,6.592,2.206,4.64,2.891,4.894,0.482,1.242,28.956,1.851,10.548,0.101,0.254,leadership_governance,operational_excellence,12.069,2.333,6.009,0.676,18.67,32.2,0.9332,integrity_responsibility|innovation_science|people_talent|diversity_inclusion|safety|leadership_governance|human_progress_wellbeing,leadership_governance,balanced,"AbbVie emphasizes integrity, innovation, strong corporate governance with robust board oversight, employee development and safety, diversity, and advancing patient health through responsible leadership and diverse perspectives."
ABBV,AbbVie,Healthcare,2023,DEF 14A,2023-03-20,0001558370-23-004204,43653,2392,3.413,6.735,3.001,4.009,3.78,4.994,0.504,1.741,25.015,1.81,10.102,0.092,0.298,leadership_governance,operational_excellence,12.554,2.199,6.231,0.702,18.25,31.7,0.9882,integrity_responsibility|innovation_science|community_social_good|environmental_stewardship|leadership_governance|diversity_inclusion|safety,integrity_responsibility,balanced,"AbbVie foregrounds uncompromising integrity, rigorous innovation in medicine, community and environmental stewardship, and robust corporate governance with board diversity and independence as foundational to serving patients and stakeholders."
ABBV,AbbVie,Healthcare,2024,DEF 14A,2024-03-18,0001558370-24-003496,45003,2447,3.311,6.911,3.311,3.978,3.0,5.2,0.556,1.778,25.376,1.711,9.755,0.133,0.289,leadership_governance,operational_excellence,12.844,2.467,5.911,0.678,18.39,32.4,0.9914,integrity_responsibility|innovation_science|community_social_good|environmental_stewardship|leadership_governance|diversity_inclusion|safety|operational_excellence,leadership_governance,balanced,"AbbVie emphasizes strong corporate governance, integrity, innovation in healthcare, environmental and community responsibility, board diversity, and rigorous oversight across ESG matters and operational excellence to serve patients and stakeholders globally."
ABT,Abbott Laboratories,Healthcare,2016,DEF 14A,2016-03-18,0001047469-16-011351,29885,1881,2.811,5.22,0.535,2.409,2.878,3.982,0.201,0.535,23.457,0.937,9.804,0.033,0.0,leadership_governance,operational_excellence,12.448,1.037,4.618,0.846,15.89,35.8,,leadership_governance|integrity_responsibility|diversity_inclusion|profitable_growth|community_social_good|environmental_stewardship|people_talent,leadership_governance,balanced,"Abbott emphasizes strong corporate governance, ethical conduct, board diversity, and shareholder value creation while also committing to environmental sustainability and social responsibility."
ABT,Abbott Laboratories,Healthcare,2017,DEF 14A,2017-03-17,0001047469-17-001713,55319,2740,2.025,4.248,0.307,4.266,1.952,2.73,0.145,0.325,20.554,0.343,7.99,0.0,0.036,leadership_governance,people_talent,13.033,1.175,6.833,0.835,20.19,34.7,0.9411,leadership_governance|integrity_responsibility|operational_excellence|diversity_inclusion|profitable_growth|safety,leadership_governance,balanced,"Abbott emphasizes strong corporate governance through independent board oversight, diverse director selection, rigorous compliance and risk management, while aligning executive compensation with shareholder value creation through equity-based awards and performance metrics."
ABT,Abbott Laboratories,Healthcare,2018,DEF 14A,2018-03-16,0001047469-18-001774,32991,2092,2.667,5.517,0.818,2.576,2.88,3.637,0.212,0.364,24.704,0.485,11.094,0.03,0.061,leadership_governance,operational_excellence,12.185,1.606,4.365,0.767,15.77,35.5,0.9363,leadership_governance|integrity_responsibility|operational_excellence|profitable_growth|diversity_inclusion|safety|community_social_good|environmental_stewardship|people_talent,leadership_governance,balanced,"Abbott emphasizes sound corporate governance, board independence, and risk oversight while balancing shareholder returns with responsible business practices, employee development, diversity, safety, and environmental stewardship."
ABT,Abbott Laboratories,Healthcare,2019,DEF 14A,2019-03-15,0001047469-19-001316,27945,1796,3.221,4.223,0.716,2.863,2.755,4.151,0.322,0.501,28.699,0.608,10.055,0.036,0.0,leadership_governance,operational_excellence,13.169,1.503,5.081,0.795,15.56,34.0,0.9849,profitable_growth|leadership_governance|integrity_responsibility|diversity_inclusion,profitable_growth,shareholder_primacy,"Abbott emphasizes strong shareholder returns and governance structures designed to ensure board independence, oversight, and accountability to shareholders."
ABT,Abbott Laboratories,Healthcare,2020,DEF 14A,2020-03-13,0001047469-20-001466,31558,2043,3.391,4.626,0.919,2.472,2.662,3.707,0.254,0.919,26.459,0.602,12.422,0.063,0.063,leadership_governance,operational_excellence,11.978,1.616,5.197,0.762,15.45,34.7,0.983,profitable_growth|leadership_governance|integrity_responsibility|diversity_inclusion,profitable_growth,shareholder_primacy,Abbott emphasizes strong shareholder returns and financial performance while maintaining sound governance structures and board independence to oversee long-term sustainable growth.
ABT,Abbott Laboratories,Healthcare,2021,DEF 14A,2021-03-12,0001047469-21-000592,39441,2440,2.764,3.575,1.268,3.119,3.854,3.144,0.456,1.04,23.427,1.04,10.37,0.051,0.254,leadership_governance,diversity_inclusion,11.967,1.521,4.665,0.774,16.16,35.4,0.9804,safety|profitable_growth|diversity_inclusion|leadership_governance|people_talent,leadership_governance,balanced,"Abbott emphasizes strong corporate governance, board independence, and oversight alongside shareholder returns, while also committing to diversity and inclusion initiatives and employee and community safety during the pandemic."
ABT,Abbott Laboratories,Healthcare,2022,DEF 14A,2022-03-18,0001206774-22-000778,37020,2267,3.431,4.43,1.432,2.701,3.16,3.728,0.621,1.621,30.524,1.486,11.534,0.027,0.27,leadership_governance,operational_excellence,12.534,1.756,5.348,0.754,16.33,32.7,0.9834,profitable_growth|leadership_governance|people_talent|diversity_inclusion|innovation_science|community_social_good|integrity_responsibility|safety,leadership_governance,balanced,"Abbott emphasizes strong independent board governance and oversight, shareholder returns, employee development and diversity, innovation in life-changing technologies, and community health equity."
ABT,Abbott Laboratories,Healthcare,2023,DEF 14A,2023-03-17,0001308179-23-000247,38553,2277,3.372,5.058,1.375,2.646,2.983,3.761,0.467,1.504,30.763,0.986,11.102,0.026,0.182,leadership_governance,operational_excellence,13.618,1.971,5.836,0.747,16.93,29.7,0.9694,leadership_governance|diversity_inclusion|integrity_responsibility|environmental_stewardship|people_talent|profitable_growth,leadership_governance,balanced,"Abbott emphasizes strong independent board governance, rigorous oversight of management, diversity and human capital management, and sustainability commitments aligned with shareholder interests."
ABT,Abbott Laboratories,Healthcare,2024,DEF 14A,2024-03-15,0001308179-24-000182,33408,2106,3.173,5.657,1.557,3.143,3.742,3.502,0.419,1.706,27.419,1.137,9.339,0.0,0.0,leadership_governance,operational_excellence,16.523,1.287,5.568,0.855,15.86,29.1,0.9847,profitable_growth|leadership_governance|diversity_inclusion|people_talent|integrity_responsibility|operational_excellence,leadership_governance,balanced,"Abbott emphasizes strong corporate governance with independent oversight, board diversity and refreshment, and human capital management, while maintaining a 52-year dividend increase track record and aligning executive compensation with sustainability and performance metrics."
BMY,Bristol-Myers Squibb,Healthcare,2016,DEF 14A,2016-03-23,0001047469-16-011495,44125,2189,2.312,7.388,2.13,5.96,1.36,4.827,0.476,0.272,28.102,0.68,7.728,0.045,0.159,leadership_governance,operational_excellence,14.459,1.609,5.643,0.8,20.16,32.4,,leadership_governance|integrity_responsibility|profitable_growth|diversity_inclusion|customer_client_focus,leadership_governance,shareholder_primacy,"Bristol-Myers Squibb emphasizes strong corporate governance, board independence, and accountability to shareholders while delivering superior shareholder returns and reinforcing integrity across the organization."
BMY,Bristol-Myers Squibb,Healthcare,2017,DEF 14A,2017-03-23,0001047469-17-001940,67219,2637,1.993,7.543,1.443,5.028,1.517,4.136,0.357,0.164,23.743,0.357,7.037,0.03,0.045,leadership_governance,operational_excellence,10.637,1.904,7.007,0.696,25.49,28.8,0.9112,leadership_governance|integrity_responsibility|profitable_growth,leadership_governance,shareholder_primacy,"The company emphasizes strong corporate governance, board independence, and ethical conduct to protect shareholder interests and create long-term value for shareholders."
BMY,Bristol-Myers Squibb,Healthcare,2018,DEF 14A,2018-03-22,0001047469-18-002011,44472,2251,2.586,6.701,2.811,6.296,2.226,4.969,0.495,1.057,31.053,0.832,7.6,0.045,0.112,leadership_governance,operational_excellence,13.199,1.956,6.229,0.742,19.76,30.9,0.8966,leadership_governance|integrity_responsibility|profitable_growth|diversity_inclusion|people_talent,leadership_governance,balanced,"The company emphasizes strong governance practices, Board independence and accountability, ethical conduct, capital discipline returning to shareholders, and diversity and inclusion in the workplace."
BMY,Bristol-Myers Squibb,Healthcare,2019,DEF 14A,2019-04-30,0001047469-19-002763,41364,2042,2.683,6.431,2.563,6.479,2.176,5.343,0.556,1.112,32.154,1.064,7.664,0.024,0.121,leadership_governance,people_talent,13.176,1.837,5.681,0.755,20.26,30.9,0.9824,leadership_governance|integrity_responsibility|people_talent|diversity_inclusion|profitable_growth,leadership_governance,balanced,"The company emphasizes strong, independent Board governance with accountability to shareholders, while also committing to ethical conduct, employee development, diversity and inclusion, and engagement with broader stakeholders on environmental and social performance."
BMY,Bristol-Myers Squibb,Healthcare,2020,DEF 14A,2020-03-25,0001140361-20-006834,50315,2641,2.504,5.843,3.339,6.579,2.325,5.346,0.656,0.954,28.441,1.61,6.678,2.007,0.199,leadership_governance,people_talent,13.952,1.471,5.982,0.809,19.05,32.8,0.8696,integrity_responsibility|innovation_science|people_talent|diversity_inclusion|leadership_governance|human_progress_wellbeing,leadership_governance,balanced,"The company emphasizes strong governance, ethics, integrity, diversity and inclusion, innovative science, and employee well-being as foundational to serving patients and shareholders alike."
BMY,Bristol-Myers Squibb,Healthcare,2021,DEF 14A,2021-03-25,0001140361-21-010010,72194,3186,2.521,4.876,1.745,5.859,3.449,4.626,0.79,1.011,26.138,1.704,7.48,0.734,0.305,leadership_governance,people_talent,12.563,1.787,7.3,0.751,22.66,30.7,0.8884,innovation_science|people_talent|diversity_inclusion|integrity_responsibility|community_social_good|leadership_governance|operational_excellence,innovation_science,balanced,"Bristol Myers Squibb emphasizes transforming patients' lives through innovative medicines while committing to integrity, diversity, inclusive culture, community health equity, and sound corporate governance."
BMY,Bristol-Myers Squibb,Healthcare,2022,DEF 14A,2022-03-24,0001140361-22-010987,48775,2482,2.973,5.802,2.993,8.344,4.018,5.577,1.046,1.702,31.348,2.891,6.991,0.718,0.492,leadership_governance,people_talent,16.32,1.804,5.536,0.801,19.65,30.3,0.9303,leadership_governance|integrity_responsibility|people_talent|diversity_inclusion|human_progress_wellbeing|community_social_good,leadership_governance,balanced,"Bristol Myers Squibb emphasizes strong governance, ethical leadership, and employee development while advancing innovative medicines that improve patient health and community outcomes globally."
BMY,Bristol-Myers Squibb,Healthcare,2023,DEF 14A,2023-03-23,0001140361-23-013442,54320,2675,2.798,5.578,4.179,7.695,5.615,5.431,0.957,1.878,28.314,3.166,6.738,0.258,0.239,leadership_governance,people_talent,16.532,1.749,5.449,0.809,20.31,28.4,0.9615,integrity_responsibility|leadership_governance|people_talent|diversity_inclusion|community_social_good|human_progress_wellbeing|innovation_science|operational_excellence,leadership_governance,balanced,"The company emphasizes strong corporate governance with independent board oversight, ethical conduct, and employee diversity and well-being as foundational to fulfilling its purpose of transforming medicines and improving health outcomes for patients and communities."
BMY,Bristol-Myers Squibb,Healthcare,2024,DEF 14A,2024-03-28,0001140361-24-016251,59029,2681,2.406,6.2,4.523,7.539,4.1,5.946,0.779,1.796,27.41,3.354,5.929,0.322,0.305,leadership_governance,people_talent,17.398,1.728,5.438,0.819,22.02,25.4,0.945,leadership_governance|integrity_responsibility|operational_excellence|innovation_science|community_social_good|environmental_stewardship|people_talent|diversity_inclusion|safety,leadership_governance,balanced,"Bristol Myers Squibb emphasizes strong corporate governance, ethical conduct, and effective board oversight while balancing shareholder interests with commitments to innovation in patient care, employee development, diversity, and environmental and social responsibility."
JNJ,Johnson & Johnson,Healthcare,2016,DEF 14A,2016-03-16,0001193125-16-505952,38833,2158,3.528,8.73,3.245,3.605,1.416,5.511,0.695,1.107,30.206,2.987,8.163,0.18,0.309,leadership_governance,operational_excellence,12.85,1.545,4.352,0.785,17.99,33.1,,leadership_governance|integrity_responsibility|diversity_inclusion|operational_excellence|profitable_growth,leadership_governance,balanced,"The company emphasizes strong, independent Board governance with diverse composition and rigorous oversight structures as essential to long-term strategic success and shareholder value protection."
JNJ,Johnson & Johnson,Healthcare,2017,DEF 14A,2017-03-15,0000200406-17-000015,49980,2418,2.541,9.504,2.081,3.381,1.361,4.562,0.52,0.4,25.15,2.141,7.343,0.14,0.16,leadership_governance,operational_excellence,12.225,1.441,5.622,0.789,20.67,33.5,0.8939,leadership_governance|integrity_responsibility|operational_excellence|innovation_science|people_talent|safety|customer_client_focus|community_social_good|profitable_growth,leadership_governance,balanced,"Johnson & Johnson emphasizes strong corporate governance, board independence, and stakeholder-focused decision-making while maintaining operational excellence and commitment to patients, employees, communities, and shareholders."
JNJ,Johnson & Johnson,Healthcare,2018,DEF 14A,2018-03-14,0000200406-18-000009,37794,2203,3.651,9.605,2.911,4.339,1.799,5.398,0.582,0.688,30.058,3.175,9.155,0.37,0.265,leadership_governance,operational_excellence,13.574,1.508,4.736,0.8,17.16,34.9,0.914,leadership_governance|integrity_responsibility|operational_excellence|profitable_growth,leadership_governance,balanced,"The proxy emphasizes strong corporate governance through independent board leadership, rigorous compliance oversight, and transparent committee structures that balance shareholder returns with ethical business conduct and operational excellence."
JNJ,Johnson & Johnson,Healthcare,2019,DEF 14A,2019-03-13,0000200406-19-000013,41427,2463,3.79,9.149,3.09,4.635,1.907,5.238,0.459,0.941,30.439,3.524,7.58,0.266,0.676,leadership_governance,operational_excellence,13.663,1.835,5.069,0.763,16.82,33.4,0.9864,leadership_governance|integrity_responsibility|people_talent|diversity_inclusion|profitable_growth|safety|environmental_stewardship|operational_excellence,leadership_governance,balanced,"Johnson & Johnson emphasizes strong, independent Board governance and oversight of strategy, risk, talent development, and sustainability while balancing shareholder returns with broader stakeholder interests including employees, communities, and environmental stewardship."
JNJ,Johnson & Johnson,Healthcare,2020,DEF 14A,2020-03-11,0000200406-20-000018,45116,2569,4.389,9.753,2.372,4.522,1.396,4.965,0.421,0.842,33.935,2.593,8.245,0.177,0.709,leadership_governance,operational_excellence,14.341,1.951,7.248,0.761,17.56,31.8,0.9754,leadership_governance|integrity_responsibility|operational_excellence,leadership_governance,shareholder_primacy,"The company emphasizes strong independent Board leadership, robust governance structures, and rigorous oversight mechanisms to ensure accountability and sound decision-making in service to shareholder interests."
JNJ,Johnson & Johnson,Healthcare,2021,DEF 14A,2021-03-10,0000200406-21-000011,53518,2866,4.26,7.792,2.41,6.372,3.102,5.456,0.972,1.345,30.102,4.447,7.605,0.262,0.878,leadership_governance,operational_excellence,14.593,2.055,6.11,0.753,18.67,31.2,0.9581,leadership_governance|diversity_inclusion|people_talent|integrity_responsibility|community_social_good|safety|human_progress_wellbeing,leadership_governance,stakeholder_oriented,"The company emphasizes strong board governance through deliberate director refreshment, diversity in skills and backgrounds, stakeholder-oriented leadership, and commitment to community health and employee welfare during crisis."
JNJ,Johnson & Johnson,Healthcare,2022,DEF 14A,2022-03-16,0000200406-22-000026,89852,4306,3.573,6.6,2.46,5.81,3.851,4.808,1.992,1.035,19.977,5.275,7.056,0.3,0.846,leadership_governance,operational_excellence,14.145,2.382,6.611,0.712,20.87,30.4,0.9372,operational_excellence|leadership_governance|diversity_inclusion|people_talent|profitable_growth|human_progress_wellbeing,leadership_governance,balanced,"Johnson & Johnson emphasizes sound corporate governance through rigorous board refreshment, diverse leadership selection, and strategic execution while delivering shareholder value and advancing healthcare innovation and employee development."
JNJ,Johnson & Johnson,Healthcare,2023,DEF 14A,2023-03-15,0000200406-23-000023,56144,3100,4.738,7.873,3.509,5.985,3.366,5.789,0.659,1.389,26.86,4.506,9.066,0.232,0.606,leadership_governance,operational_excellence,15.175,2.672,6.412,0.701,18.11,30.1,0.9112,leadership_governance|diversity_inclusion|operational_excellence|innovation_science|people_talent|safety|environmental_stewardship|profitable_growth,leadership_governance,balanced,"The company emphasizes strong Board governance through diverse director composition and strategic refreshment, while balancing operational excellence, innovation, employee development, safety, and environmental responsibility with financial performance."
JNJ,Johnson & Johnson,Healthcare,2024,DEF 14A,2024-03-13,0000200406-24-000024,48892,3073,4.091,8.836,4.357,6.075,3.17,5.809,0.736,1.166,26.242,3.927,8.754,0.245,0.593,leadership_governance,operational_excellence,15.851,2.188,6.034,0.757,15.91,32.2,0.9615,leadership_governance|innovation_science|people_talent|diversity_inclusion|human_progress_wellbeing,leadership_governance,balanced,"Johnson & Johnson emphasizes strong corporate governance through an independent, highly qualified and diverse board with deep expertise in innovation, science, healthcare, and talent management to serve patients and shareholders."
LLY,Eli Lilly,Healthcare,2016,DEF 14A,2016-03-21,0000059478-16-000331,28458,1734,3.549,5.306,2.811,4.674,2.6,6.782,0.527,0.105,33.699,1.933,7.731,0.211,0.07,leadership_governance,customer_client_focus,11.912,2.214,6.22,0.687,16.41,35.0,,leadership_governance|integrity_responsibility|diversity_inclusion,leadership_governance,balanced,"The company emphasizes strong, independent board governance with rigorous oversight of financial integrity, compliance, and enterprise risk management, alongside meaningful director diversity and shareholder engagement on governance matters."
LLY,Eli Lilly,Healthcare,2017,DEF 14A,2017-03-20,0000059478-17-000108,41163,2368,2.502,3.96,2.089,4.179,1.992,4.762,0.316,0.146,29.225,1.385,6.754,0.097,0.073,leadership_governance,customer_client_focus,9.693,1.895,6.001,0.673,17.38,36.4,0.9103,leadership_governance|diversity_inclusion|operational_excellence,leadership_governance,balanced,"The company emphasizes strong, independent corporate governance with board diversity and rigorous oversight practices alongside operational excellence and accountability to stakeholders."
LLY,Eli Lilly,Healthcare,2018,DEF 14A,2018-03-19,0000059478-18-000111,55830,2644,2.167,5.23,2.114,3.958,1.666,4.317,0.269,0.107,27.548,0.896,7.093,0.125,0.179,leadership_governance,operational_excellence,9.923,2.4,6.985,0.61,21.12,32.2,0.8894,leadership_governance|integrity_responsibility|diversity_inclusion,leadership_governance,balanced,"The company emphasizes strong corporate governance through independent board oversight, ethical conduct, and diverse director selection while maintaining accountability to shareholders and stakeholders."
LLY,Eli Lilly,Healthcare,2019,DEF 14A,2019-03-22,0000059478-19-000146,35796,1909,2.738,6.314,3.157,5.056,2.542,4.889,0.475,0.196,35.507,1.564,7.99,0.223,0.084,leadership_governance,operational_excellence,12.711,1.536,4.917,0.784,18.75,30.0,0.8695,leadership_governance|integrity_responsibility|diversity_inclusion|operational_excellence,leadership_governance,balanced,"The company emphasizes strong, independent board governance with diverse, experienced directors and robust committee structures to ensure integrity, accountability, and sound oversight of management and strategic direction."
LLY,Eli Lilly,Healthcare,2020,DEF 14A,2020-03-20,0000059478-20-000080,41828,2059,3.299,6.096,3.275,4.519,2.51,4.638,0.335,0.406,38.73,1.195,8.439,0.167,0.239,leadership_governance,operational_excellence,12.312,2.558,6.455,0.656,20.31,27.3,0.9443,leadership_governance|integrity_responsibility|profitable_growth|human_progress_wellbeing|people_talent|diversity_inclusion,leadership_governance,balanced,"Eli Lilly emphasizes strong corporate governance, ethical conduct, and board independence while balancing shareholder returns with a mission to improve patients' lives and engage key stakeholders including employees and communities."
LLY,Eli Lilly,Healthcare,2021,DEF 14A,2021-03-19,0000059478-21-000104,47965,2213,3.774,6.171,2.669,6.213,3.127,4.816,0.459,0.605,37.173,1.564,7.902,0.167,0.542,leadership_governance,people_talent,13.677,2.022,5.733,0.742,21.67,26.6,0.9788,leadership_governance|integrity_responsibility|profitable_growth,leadership_governance,balanced,"The company emphasizes strong independent board oversight, ethical conduct, robust governance structures, and accountability to shareholders through director independence, committee expertise, and alignment of executive compensation with shareholder returns."
LLY,Eli Lilly,Healthcare,2022,DEF 14A,2022-03-18,0000059478-22-000099,53998,2443,3.593,5.352,2.945,5.648,2.87,4.611,0.574,1.315,35.724,1.889,8.074,0.13,0.852,leadership_governance,people_talent,13.186,1.945,5.982,0.743,22.1,25.6,0.9666,leadership_governance|integrity_responsibility|diversity_inclusion,leadership_governance,balanced,"The company emphasizes strong independent board governance, director integrity and sound judgment, and diversity of perspectives as foundational to effective oversight of management and long-term shareholder interests alongside broader stakeholder accountability."
LLY,Eli Lilly,Healthcare,2023,DEF 14A,2023-03-17,0000059478-23-000120,58250,2639,3.519,5.408,5.528,9.03,3.519,4.652,0.618,1.202,30.575,2.386,7.76,0.189,0.738,leadership_governance,people_talent,14.455,2.18,6.283,0.738,22.07,23.6,0.976,human_progress_wellbeing|profitable_growth|innovation_science|leadership_governance|people_talent|integrity_responsibility|community_social_good,human_progress_wellbeing,balanced,"Eli Lilly emphasizes creating life-changing medicines with broad access while scaling profitable growth, reinvesting in innovation, and maintaining strong governance with a commitment to diversity and community impact."
LLY,Eli Lilly,Healthcare,2024,DEF 14A,2024-03-22,0000059478-24-000099,51846,2292,3.607,6.037,5.593,8.467,4.012,4.475,0.521,1.466,32.327,2.469,7.407,0.174,0.501,leadership_governance,people_talent,14.35,2.025,5.767,0.753,22.62,22.6,0.9831,human_progress_wellbeing|profitable_growth|integrity_responsibility|operational_excellence|people_talent|leadership_governance,human_progress_wellbeing,balanced,"Lilly frames its purpose around creating life-changing medicines with broad access while scaling for sustainable growth and investor returns, supported by strong governance, ethical conduct, and talented leadership."
MDT,Medtronic,Healthcare,2016,DEF 14A,2016-08-10,0001193125-16-677599,89534,3657,1.541,3.328,0.827,1.631,0.927,6.835,0.335,0.056,18.485,0.592,6.433,0.19,0.101,leadership_governance,customer_client_focus,5.573,1.407,6.109,0.597,24.48,30.9,,integrity_responsibility|leadership_governance|profitable_growth,leadership_governance,balanced,"Medtronic emphasizes strong corporate governance through independent oversight, audit committee expertise, and shareholder value alignment through disciplined performance incentives tied to revenue, earnings, cash flow, and quality compliance measures."
MDT,Medtronic,Healthcare,2017,DEF 14A,2017-08-28,0001308179-17-000223,62199,2758,1.978,7.701,1.511,2.99,1.592,2.958,0.129,0.225,20.531,0.82,6.174,0.113,0.113,leadership_governance,operational_excellence,9.598,1.093,6.061,0.795,22.55,30.2,0.83,leadership_governance|integrity_responsibility|operational_excellence|profitable_growth|community_social_good|environmental_stewardship,leadership_governance,balanced,"Medtronic emphasizes strong corporate governance through independent board oversight, rigorous committee structures, quality and compliance measures, while also balancing shareholder returns with social responsibility and sustainability initiatives."
MDT,Medtronic,Healthcare,2018,DEF 14A,2018-08-24,0001308179-18-000261,36465,1827,2.688,8.776,1.618,3.757,1.892,3.647,0.165,0.658,26.189,1.481,6.609,0.11,0.137,leadership_governance,operational_excellence,10.613,1.371,5.238,0.771,19.96,28.5,0.9228,integrity_responsibility|leadership_governance|operational_excellence|safety|profitable_growth|diversity_inclusion|community_social_good,leadership_governance,balanced,"Medtronic emphasizes strong corporate governance, ethical standards, board independence, quality and safety compliance, shareholder returns, and ESG responsibility to stakeholders including employees, communities, and the environment."
MDT,Medtronic,Healthcare,2019,DEF 14A,2019-08-16,0001308179-19-000222,39187,2033,2.501,8.115,1.735,3.394,2.093,3.292,0.153,0.587,25.672,1.225,6.762,0.128,0.128,leadership_governance,operational_excellence,10.896,1.429,5.231,0.768,19.28,29.6,0.9877,profitable_growth|leadership_governance|integrity_responsibility|operational_excellence|safety,profitable_growth,shareholder_primacy,"Medtronic emphasizes shareholder returns and value creation through disciplined capital deployment, robust governance structures, and alignment of executive incentives with financial performance metrics."
MDT,Medtronic,Healthcare,2020,DEF 14A,2020-08-14,0001193125-20-220558,42894,2239,2.308,8.113,2.005,3.777,2.308,2.914,0.256,0.629,24.689,1.306,6.155,0.163,0.14,leadership_governance,operational_excellence,10.538,1.609,5.455,0.735,19.16,29.9,0.9918,integrity_responsibility|operational_excellence|safety|leadership_governance|profitable_growth,leadership_governance,balanced,"Medtronic emphasizes robust corporate governance, product quality and safety, ethical conduct, and shareholder value creation as foundational to its mission of advancing human welfare."
MDT,Medtronic,Healthcare,2021,DEF 14A,2021-08-27,0001193125-21-259369,67001,2867,1.836,7.343,1.313,3.507,2.388,2.463,0.239,0.507,21.194,0.791,5.701,0.09,0.09,leadership_governance,operational_excellence,8.806,1.284,6.194,0.746,23.37,29.2,0.9389,leadership_governance|diversity_inclusion|integrity_responsibility|operational_excellence|profitable_growth|community_social_good|safety,leadership_governance,balanced,"Medtronic emphasizes robust corporate governance with independent board leadership, diversity commitment, and comprehensive committee oversight balanced with shareholder returns and stakeholder responsibility including product quality, employee recognition, and community impact."
MDT,Medtronic,Healthcare,2022,DEF 14A,2022-08-19,0001193125-22-225369,41231,2032,2.304,7.785,2.91,3.784,3.08,3.274,0.267,1.043,25.66,1.576,6.088,0.121,0.218,leadership_governance,operational_excellence,10.187,1.285,5.748,0.776,20.29,27.5,0.933,leadership_governance|diversity_inclusion|integrity_responsibility|operational_excellence|innovation_science|environmental_stewardship|community_social_good|profitable_growth,leadership_governance,balanced,"Medtronic emphasizes strong corporate governance, board independence, diversity, and ESG oversight while aligning compensation with shareholder value creation and acknowledging responsibility to patients, employees, communities, and the environment."
MDT,Medtronic,Healthcare,2023,DEF 14A,2023-08-11,0001613103-23-000108,48679,2234,2.116,6.06,2.486,5.115,2.404,2.938,0.226,0.924,24.117,1.274,5.69,0.103,0.144,leadership_governance,operational_excellence,9.963,1.048,6.307,0.81,21.79,25.8,0.9725,human_progress_wellbeing|environmental_stewardship|diversity_inclusion|safety|operational_excellence|integrity_responsibility|leadership_governance|profitable_growth,human_progress_wellbeing,stakeholder_oriented,"Medtronic prioritizes advancing human health and well-being through medical innovation, equity in healthcare access, environmental sustainability, diversity and inclusion, and quality operations, grounded in a 60-year mission to contribute to human welfare while maintaining profitable growth and strong governance."
MDT,Medtronic,Healthcare,2024,DEF 14A,2024-08-09,0001613103-24-000124,42359,2081,2.314,7.177,2.951,3.683,2.691,3.801,0.307,1.228,25.874,1.653,6.162,0.118,0.165,leadership_governance,operational_excellence,11.639,1.11,5.099,0.826,20.36,26.4,0.953,leadership_governance|diversity_inclusion|innovation_science|integrity_responsibility|profitable_growth,leadership_governance,balanced,"Medtronic emphasizes strong corporate governance, board independence, risk oversight, quality assurance, and inclusion while aligning executive compensation with shareholder value creation and strategic performance goals."
MRK,Merck,Healthcare,2016,DEF 14A,2016-04-11,0001308179-16-000336,41141,2180,3.33,4.545,2.625,4.059,1.337,4.059,0.535,0.656,32.182,0.972,9.577,0.219,0.17,leadership_governance,operational_excellence,14.584,1.92,5.42,0.767,18.87,30.7,,leadership_governance|integrity_responsibility|profitable_growth,leadership_governance,shareholder_primacy,"The company emphasizes strong corporate governance, independent board oversight, and ethical accountability as essential to protecting long-term shareholder value and ensuring sound management performance."
MRK,Merck,Healthcare,2017,DEF 14A,2017-04-10,0001308179-17-000129,43313,2248,2.378,5.31,2.955,4.618,1.455,3.879,0.369,0.577,32.461,1.316,9.397,0.208,0.531,leadership_governance,operational_excellence,14.337,2.101,5.91,0.744,19.27,31.1,0.9844,leadership_governance|profitable_growth|integrity_responsibility|safety|operational_excellence|diversity_inclusion,leadership_governance,balanced,"Merck emphasizes strong independent board governance, shareholder value creation, and rigorous oversight of safety, quality, and ethical conduct across its operations."
MRK,Merck,Healthcare,2018,DEF 14A,2018-04-09,0001308179-18-000164,39018,2001,2.204,4.126,3.511,4.536,1.23,4.075,0.308,0.948,32.293,1.743,8.816,0.205,0.205,leadership_governance,people_talent,13.635,1.794,5.638,0.767,19.5,30.8,0.9853,leadership_governance|integrity_responsibility|profitable_growth|people_talent|diversity_inclusion|environmental_stewardship|community_social_good|innovation_science|safety,leadership_governance,balanced,"The company emphasizes strong independent governance and Board oversight as essential to long-term shareholder value, while also committing to ethics, employee development, diversity, environmental sustainability, and transformational science to serve patients and society."
MRK,Merck,Healthcare,2019,DEF 14A,2019-04-08,0001140361-19-006720,54644,2745,2.05,4.685,2.288,4.282,1.556,3.752,0.238,0.604,27.615,1.336,8.052,0.256,0.165,leadership_governance,operational_excellence,12.828,2.141,7.43,0.714,19.91,33.7,0.9181,leadership_governance|integrity_responsibility|profitable_growth,leadership_governance,balanced,"Merck emphasizes strong independent board governance, ethical conduct, and shareholder value creation through robust oversight structures and corporate responsibility aligned with business strategy and stakeholder interests."
MRK,Merck,Healthcare,2020,DEF 14A,2020-04-06,0001193125-20-099563,40166,2318,2.639,3.784,3.361,4.307,1.469,4.432,0.373,0.747,31.245,2.365,8.714,0.398,0.224,leadership_governance,customer_client_focus,14.515,1.867,5.95,0.772,17.33,33.8,0.919,innovation_science|leadership_governance|integrity_responsibility|people_talent|diversity_inclusion|community_social_good|environmental_stewardship|profitable_growth|heritage_longevity|human_progress_wellbeing,leadership_governance,balanced,"Merck emphasizes strong independent governance, innovative science, and accountability to multiple stakeholders—patients, employees, communities, and shareholders—as core to its mission of saving and improving lives while generating sustainable value."
MRK,Merck,Healthcare,2021,DEF 14A,2021-04-05,0001193125-21-106317,41721,2332,2.085,3.667,3.428,4.242,1.917,4.458,0.455,0.599,29.889,1.989,8.773,0.192,0.24,leadership_governance,customer_client_focus,14.717,1.87,6.448,0.775,17.89,33.7,0.9837,leadership_governance|diversity_inclusion|integrity_responsibility|people_talent|community_social_good,leadership_governance,balanced,"Merck emphasizes strong independent Board governance, diverse director composition, and commitment to ESG and stakeholder value creation across patients, employees, communities, and shareholders."
MRK,Merck,Healthcare,2022,DEF 14A,2022-04-04,0001193125-22-095134,46392,2678,2.975,3.406,3.643,4.893,1.811,4.419,0.302,0.862,33.238,2.673,7.48,0.259,0.388,leadership_governance,people_talent,13.839,1.638,6.488,0.788,17.32,32.0,0.9717,leadership_governance|integrity_responsibility|diversity_inclusion|people_talent|environmental_stewardship|community_social_good|safety|human_progress_wellbeing,leadership_governance,balanced,"Merck emphasizes strong corporate governance, board independence, and oversight of ESG initiatives including diversity, employee well-being, scientific integrity, health equity, and environmental sustainability as integral to the company's culture and mission."
MRK,Merck,Healthcare,2023,DEF 14A,2023-04-03,0001193125-23-089525,55485,3175,2.721,3.514,4.812,3.424,2.343,4.001,0.324,0.685,28.494,2.739,7.57,0.324,0.324,leadership_governance,innovation_science,14.076,1.892,6.777,0.763,17.48,32.7,0.9625,leadership_governance|integrity_responsibility|diversity_inclusion|people_talent,leadership_governance,balanced,"Merck emphasizes strong corporate governance through independent Board leadership, rigorous director nomination processes, and comprehensive oversight of ethics, human capital management, diversity, and scientific integrity across all standing committees."
MRK,Merck,Healthcare,2024,DEF 14A,2024-04-11,0001193125-24-093204,49535,2797,3.331,4.058,4.643,4.704,2.544,4.381,0.363,1.676,27.233,2.503,7.954,0.262,0.303,leadership_governance,people_talent,15.02,2.039,6.743,0.761,17.71,31.0,0.9665,leadership_governance|integrity_responsibility|people_talent|diversity_inclusion|operational_excellence,leadership_governance,balanced,"Merck emphasizes strong corporate governance through independent board leadership, rigorous director nomination processes, and oversight of ethics, sustainability, and human capital management while maintaining accountability to shareholders and stakeholders."
PFE,Pfizer,Healthcare,2016,DEF 14A,2016-03-15,0000930413-16-006044,56322,2940,3.622,6.214,2.521,3.214,1.633,5.007,0.444,0.621,33.752,1.669,10.262,0.32,0.16,leadership_governance,operational_excellence,14.044,2.219,5.22,0.727,19.16,31.3,,leadership_governance|integrity_responsibility|profitable_growth,leadership_governance,shareholder_primacy,"Pfizer emphasizes strong, independent corporate governance structures and Board accountability to shareholders as the foundation for long-term shareholder value and ethical conduct."
PFE,Pfizer,Healthcare,2017,DEF 14A,2017-03-16,0000930413-17-001059,59523,3148,3.612,6.166,3.041,3.746,1.966,4.57,0.487,1.21,35.264,2.352,9.627,0.319,0.185,leadership_governance,operational_excellence,15.389,1.865,5.359,0.784,18.91,30.4,0.9907,leadership_governance|integrity_responsibility|operational_excellence|community_social_good|diversity_inclusion|profitable_growth,leadership_governance,balanced,"Pfizer emphasizes strong corporate governance, board independence, and rigorous oversight structures while also committing to operational excellence, ethics, social responsibility, and shareholder value creation."
PFE,Pfizer,Healthcare,2018,DEF 14A,2018-03-15,0000930413-18-000973,67383,3383,3.428,5.936,2.835,4.155,1.84,4.378,0.401,1.217,33.822,1.989,9.75,0.282,0.134,leadership_governance,operational_excellence,13.876,1.811,6.263,0.769,19.92,31.6,0.9613,leadership_governance|integrity_responsibility|operational_excellence,leadership_governance,shareholder_primacy,"Pfizer emphasizes strong, independent Board governance, rigorous oversight structures, and ethical conduct through refreshed leadership and clearly defined Committee responsibilities."
PFE,Pfizer,Healthcare,2019,DEF 14A,2019-03-14,0000930413-19-000953,81309,3616,3.136,6.026,2.029,4.292,1.537,4.428,0.455,0.861,31.841,1.537,10.11,0.234,0.111,leadership_governance,operational_excellence,13.037,1.919,6.973,0.743,22.49,29.8,0.952,leadership_governance|integrity_responsibility|profitable_growth,leadership_governance,balanced,"Pfizer emphasizes strong, independent Board governance and oversight structures that promote shareholder interests while maintaining ethical accountability and trust with communities and stakeholders."
PFE,Pfizer,Healthcare,2020,DEF 14A,2020-03-13,0000930413-20-000781,64522,3411,3.999,5.533,3.611,4.138,2.728,5.285,0.449,2.759,37.693,1.937,10.229,0.217,0.062,leadership_governance,operational_excellence,13.437,2.077,5.425,0.732,18.92,29.7,0.9561,leadership_governance|integrity_responsibility|diversity_inclusion|profitable_growth,leadership_governance,balanced,"Pfizer emphasizes strong independent Board governance, rigorous oversight of sustainability and corporate responsibility, Director diversity and expertise, and alignment of leadership structures with shareholder protection and company performance."
PFE,Pfizer,Healthcare,2021,DEF 14A,2021-03-12,0000078003-21-000047,63138,3321,3.5,5.227,4.15,4.577,2.455,4.799,0.364,2.122,35.24,2.376,8.489,0.269,0.158,leadership_governance,operational_excellence,13.748,1.869,5.433,0.761,19.01,29.9,0.975,leadership_governance|integrity_responsibility|diversity_inclusion|innovation_science,leadership_governance,shareholder_primacy,"Pfizer emphasizes strong, independent corporate governance with robust Board oversight, clear leadership structure, and rigorous director qualifications to create long-term shareholder value."
PFE,Pfizer,Healthcare,2022,DEF 14A,2022-03-17,0000078003-22-000038,53695,3065,4.041,5.066,4.917,4.47,2.626,4.879,0.317,1.806,26.166,2.868,8.697,0.223,0.186,leadership_governance,operational_excellence,13.409,2.16,6.611,0.722,17.52,30.5,0.9776,people_talent|diversity_inclusion|innovation_science|customer_client_focus|integrity_responsibility|leadership_governance|human_progress_wellbeing|operational_excellence,people_talent,balanced,"Pfizer emphasizes creating meaningful work and an inclusive workplace for employees, advancing scientific innovation, improving patient access and outcomes, and maintaining strong governance and ethical conduct."
PFE,Pfizer,Healthcare,2023,DEF 14A,2023-03-16,0000078003-23-000040,60305,3364,3.333,4.842,5.174,4.461,2.653,4.908,0.481,1.725,26.698,2.653,8.358,0.398,0.199,leadership_governance,innovation_science,15.189,1.924,6.716,0.775,17.93,31.4,0.979,leadership_governance|profitable_growth|integrity_responsibility,leadership_governance,shareholder_primacy,"Pfizer emphasizes strong, independent board governance and leadership flexibility to maximize shareholder value while maintaining rigorous oversight through independent directors and clearly defined roles."
PFE,Pfizer,Healthcare,2024,DEF 14A,2024-03-14,0000078003-24-000068,73384,3563,2.875,5.355,2.998,4.919,2.48,4.32,0.395,1.513,25.196,1.703,8.626,0.273,0.164,leadership_governance,operational_excellence,13.491,2.058,6.841,0.735,20.6,31.7,0.9342,leadership_governance|diversity_inclusion|innovation_science|people_talent|integrity_responsibility|profitable_growth,leadership_governance,balanced,"Pfizer emphasizes strong governance through diverse, expert board leadership that balances oversight of innovation, compliance, talent development and shareholder returns."
TMO,Thermo Fisher,Healthcare,2016,DEF 14A,2016-04-05,0001193125-16-530108,30935,1467,1.746,3.976,2.715,3.168,2.715,3.136,0.614,0.097,22.596,0.582,5.786,0.0,0.032,leadership_governance,operational_excellence,10.053,0.647,4.914,0.879,21.09,32.3,,integrity_responsibility|leadership_governance,leadership_governance,balanced,"The company emphasizes strong corporate governance through independent board oversight, transparent director selection processes, rigorous audit and risk management, and structured compensation aligned with stockholder input and corporate social responsibility programs."
TMO,Thermo Fisher,Healthcare,2017,DEF 14A,2017-04-04,0000097745-17-000014,28958,1307,1.83,3.833,2.21,2.97,2.728,3.453,0.656,0.104,24.691,0.587,6.389,0.0,0.035,leadership_governance,operational_excellence,10.015,0.656,5.353,0.877,22.16,30.0,0.9859,leadership_governance|integrity_responsibility|diversity_inclusion|people_talent,leadership_governance,balanced,"The company emphasizes strong corporate governance through independent board oversight, rigorous committee structures, and transparent risk management, while also valuing diversity, inclusion, and employee engagement as core organizational principles."
TMO,Thermo Fisher,Healthcare,2018,DEF 14A,2018-04-10,0000097745-18-000011,30396,1403,1.777,4.244,2.106,3.816,2.731,3.553,0.658,0.066,23.852,0.658,6.481,0.0,0.066,leadership_governance,operational_excellence,10.297,0.625,5.231,0.886,21.67,30.6,0.9926,leadership_governance|diversity_inclusion|community_social_good|people_talent,leadership_governance,balanced,"The company emphasizes strong corporate governance through independent board oversight, committee expertise, and risk management, while also highlighting employee engagement in diversity, inclusion, and corporate social responsibility initiatives."
TMO,Thermo Fisher,Healthcare,2019,DEF 14A,2019-04-09,0001193125-19-101242,37850,1654,2.695,5.337,5.707,4.174,2.457,5.231,1.559,1.189,26.235,0.74,7.635,0.291,0.37,leadership_governance,innovation_science,12.365,1.374,4.544,0.8,22.88,25.7,0.8443,customer_client_focus|innovation_science|human_progress_wellbeing|integrity_responsibility|people_talent|community_social_good|environmental_stewardship|leadership_governance|profitable_growth,customer_client_focus,stakeholder_oriented,"Thermo Fisher emphasizes enabling customers to make the world healthier, cleaner and safer while balancing shareholder value creation through strong governance, employee engagement, community service, and environmental sustainability."
TMO,Thermo Fisher,Healthcare,2020,DEF 14A,2020-04-07,0001140361-20-008182,38753,1799,3.019,5.032,3.226,4.774,2.219,5.393,1.032,1.703,29.211,0.955,7.561,0.258,0.464,leadership_governance,customer_client_focus,12.515,1.497,5.212,0.786,21.54,26.4,0.8991,innovation_science|customer_client_focus|profitable_growth|integrity_responsibility|leadership_governance|people_talent|community_social_good|environmental_stewardship|operational_excellence,leadership_governance,balanced,"Thermo Fisher emphasizes strong corporate governance, ethical business practices, and stakeholder responsibility while pursuing shareholder value through innovation, customer service, and sustainable operations across its four CSR pillars of operational integrity, colleagues, communities, and environment."
TMO,Thermo Fisher,Healthcare,2021,DEF 14A,2021-04-08,0000097745-21-000019,42231,1786,2.794,5.896,3.22,5.352,2.699,5.091,1.231,1.468,28.368,0.995,9.566,0.332,0.71,leadership_governance,operational_excellence,13.118,1.61,5.47,0.781,23.65,24.2,0.9408,leadership_governance|integrity_responsibility|community_social_good|environmental_stewardship|people_talent|profitable_growth,leadership_governance,balanced,"Thermo Fisher emphasizes robust corporate governance, shareholder engagement, sustainability across operations and communities, and responsible stewardship as core to long-term value creation."
TMO,Thermo Fisher,Healthcare,2022,DEF 14A,2022-04-07,0000097745-22-000018,39557,1708,3.034,5.46,3.817,5.157,3.185,5.41,1.668,2.225,29.299,1.441,7.609,0.228,0.506,leadership_governance,operational_excellence,13.98,1.365,5.435,0.822,23.16,24.0,0.9911,leadership_governance|integrity_responsibility|profitable_growth|community_social_good|environmental_stewardship|people_talent,leadership_governance,balanced,"Thermo Fisher emphasizes robust corporate governance, shareholder engagement, and a sustainability strategy built on operations, colleagues, communities, and environment to create long-term value for all stakeholders."
TMO,Thermo Fisher,Healthcare,2023,DEF 14A,2023-04-07,0000097745-23-000025,58304,2277,1.972,4.562,2.298,4.734,2.23,2.538,0.823,0.978,22.263,0.669,6.226,0.12,0.223,leadership_governance,people_talent,11.937,1.578,7.701,0.766,25.61,26.2,0.842,customer_client_focus|innovation_science|integrity_responsibility|operational_excellence|people_talent|diversity_inclusion|community_social_good|environmental_stewardship|leadership_governance|human_progress_wellbeing|profitable_growth,customer_client_focus,stakeholder_oriented,"Thermo Fisher frames its mission as serving customers and society by enabling a healthier, cleaner, and safer world through innovation, ethical operations, diverse talent, community investment, and environmental responsibility, while also delivering strong financial performance."
TMO,Thermo Fisher,Healthcare,2024,DEF 14A,2024-04-09,0001193125-24-090173,38279,1773,2.743,7.994,3.736,3.553,2.273,3.814,0.914,1.332,29.076,1.071,8.856,0.157,0.313,leadership_governance,operational_excellence,14.943,1.829,6.165,0.782,21.59,23.4,0.8854,customer_client_focus|innovation_science|human_progress_wellbeing|integrity_responsibility|operational_excellence|leadership_governance|people_talent|diversity_inclusion|environmental_stewardship|community_social_good|profitable_growth,customer_client_focus,balanced,"Thermo Fisher frames its mission around enabling customers to solve global scientific and societal challenges while maintaining ethical operations, strong governance, talent development, and environmental responsibility alongside shareholder returns."
UNH,UnitedHealth Group,Healthcare,2016,DEF 14A,2016-04-22,0001047469-16-012475,35952,1997,2.809,7.093,0.473,3.171,2.642,5.146,0.695,0.417,40.498,1.864,6.453,0.056,0.028,leadership_governance,operational_excellence,10.431,1.446,6.286,0.756,18.0,30.3,,human_progress_wellbeing|leadership_governance|diversity_inclusion|environmental_stewardship|customer_client_focus|people_talent|profitable_growth,leadership_governance,balanced,"UnitedHealth Group emphasizes strong corporate governance and independent Board leadership while advancing its mission to help people live healthier lives and make the health system work better for everyone, with attention to diversity, employee engagement, customer satisfaction, and shareholder returns."
UNH,UnitedHealth Group,Healthcare,2017,DEF 14A,2017-04-21,0001047469-17-002810,38485,2087,2.858,6.652,0.442,2.78,2.624,5.145,0.598,0.442,40.12,1.975,7.405,0.026,0.026,leadership_governance,operational_excellence,9.848,1.611,6.548,0.719,18.44,29.9,0.9804,leadership_governance|human_progress_wellbeing|diversity_inclusion|community_social_good|environmental_stewardship|profitable_growth|customer_client_focus,leadership_governance,balanced,"UnitedHealth Group emphasizes strong corporate governance, board independence, and diversity while advancing its mission to help people live healthier lives and make the health system work better for everyone, balanced with delivering shareholder returns."
UNH,UnitedHealth Group,Healthcare,2018,DEF 14A,2018-04-20,0001047469-18-002993,37359,2191,2.864,6.879,0.669,3.292,2.918,4.443,0.562,0.428,39.107,1.767,6.585,0.054,0.027,leadership_governance,operational_excellence,11.055,1.392,5.996,0.776,17.05,31.8,0.9697,leadership_governance|diversity_inclusion|integrity_responsibility|environmental_stewardship|community_social_good,leadership_governance,balanced,"UnitedHealth Group emphasizes strong independent board governance, director diversity and refreshment, rigorous oversight committees, shareholder communication, and corporate responsibility including environmental and community stewardship."
UNH,UnitedHealth Group,Healthcare,2019,DEF 14A,2019-04-19,0001047469-19-002425,38013,2144,2.92,6.498,0.842,3.525,2.867,4.893,0.605,0.447,39.197,1.92,7.997,0.026,0.079,leadership_governance,operational_excellence,10.838,1.552,6.103,0.749,17.73,30.8,0.9824,leadership_governance|diversity_inclusion|integrity_responsibility|community_social_good,leadership_governance,balanced,"UnitedHealth Group emphasizes strong corporate governance through independent board leadership, regular refreshment, diverse director composition, and robust oversight structures while balancing shareholder interests with community responsibility and ethical accountability."
UNH,UnitedHealth Group,Healthcare,2020,DEF 14A,2020-04-17,0001047469-20-002403,50693,2563,2.466,5.74,0.868,3.689,2.9,4.616,1.282,0.513,34.561,2.584,7.082,0.059,0.178,leadership_governance,operational_excellence,10.001,1.46,6.648,0.745,19.78,29.9,0.9428,safety|leadership_governance|integrity_responsibility|people_talent|diversity_inclusion|customer_client_focus|community_social_good|environmental_stewardship|operational_excellence|profitable_growth,leadership_governance,balanced,"UnitedHealth Group emphasizes strong corporate governance, board independence, and ethical conduct while balancing commitments to employee development, diversity, community responsibility, environmental stewardship, and shareholder returns in serving patients, customers and the public effectively and safely."
UNH,UnitedHealth Group,Healthcare,2021,DEF 14A,2021-04-26,0001047469-21-001031,45392,2359,2.666,5.662,0.771,5.155,3.701,4.803,1.124,0.859,34.588,2.82,7.556,0.088,0.198,leadership_governance,operational_excellence,9.759,1.432,6.301,0.744,19.24,29.7,0.9544,profitable_growth|environmental_stewardship|human_progress_wellbeing|integrity_responsibility|leadership_governance|people_talent|diversity_inclusion|customer_client_focus|community_social_good,leadership_governance,balanced,"UnitedHealth Group emphasizes strong corporate governance, ethical conduct, and responsible stewardship across environmental, social and employee dimensions while maintaining focus on financial performance and shareholder returns."
UNH,UnitedHealth Group,Healthcare,2022,DEF 14A,2022-04-22,0001104659-22-048923,38894,1971,3.214,6.119,0.848,3.342,3.728,4.988,0.848,1.774,39.132,3.394,8.407,0.129,0.206,leadership_governance,operational_excellence,10.31,1.645,6.428,0.725,19.73,25.9,0.9566,profitable_growth|leadership_governance|integrity_responsibility|diversity_inclusion|people_talent|environmental_stewardship|community_social_good|human_progress_wellbeing|customer_client_focus|safety,leadership_governance,balanced,"UnitedHealth Group emphasizes strong corporate governance, board independence, and ethical conduct while balancing shareholder returns with commitments to employee development, diversity, environmental sustainability, community health, and equitable healthcare access."
UNH,UnitedHealth Group,Healthcare,2023,DEF 14A,2023-04-21,0001104659-23-048439,43830,1862,3.057,6.388,1.004,4.016,4.791,4.654,1.141,1.734,35.638,5.544,8.35,0.091,0.16,leadership_governance,operational_excellence,10.29,1.757,6.092,0.708,23.54,20.3,0.9725,human_progress_wellbeing|customer_client_focus|people_talent|diversity_inclusion|leadership_governance|integrity_responsibility|community_social_good|environmental_stewardship|operational_excellence|profitable_growth,human_progress_wellbeing,stakeholder_oriented,"UnitedHealth Group prioritizes a mission to help people live healthier lives and make the health system work better for everyone, supported by strong governance, diversity commitments, employee development, and community health equity initiatives."
UNH,UnitedHealth Group,Healthcare,2024,DEF 14A,2024-04-22,0001104659-24-050055,39756,1673,3.597,6.741,1.132,3.647,3.069,4.905,0.654,1.861,37.906,4.653,7.395,0.101,0.553,leadership_governance,operational_excellence,10.464,1.333,7.068,0.774,23.76,19.0,0.9861,human_progress_wellbeing|customer_client_focus|people_talent|diversity_inclusion|integrity_responsibility|leadership_governance|safety|community_social_good|operational_excellence|profitable_growth,human_progress_wellbeing,stakeholder_oriented,"UnitedHealth Group emphasizes its mission to help people live healthier lives and improve the health system for everyone, while committing to inclusive governance, quality and patient safety, employee well-being, diversity, ethical conduct, and community building."
AAPL,Apple,Technology,2016,DEF 14A,2016-01-06,0001193125-16-422528,44312,1981,1.354,5.01,0.993,2.595,2.573,3.859,0.248,2.031,19.634,0.158,8.282,0.023,0.068,leadership_governance,operational_excellence,6.251,2.076,7.808,0.501,22.37,34.7,,leadership_governance|diversity_inclusion|integrity_responsibility|profitable_growth|environmental_stewardship|people_talent,leadership_governance,balanced,"Apple emphasizes strong corporate governance with independent board oversight, commitment to diversity and inclusion in leadership, ethical risk management, shareholder value alignment, environmental sustainability goals, and responsible supply chain practices across its workforce."
AAPL,Apple,Technology,2017,DEF 14A,2017-01-06,0001193125-17-003753,30154,1539,1.957,5.837,1.094,2.388,4.444,4.145,1.26,0.431,25.37,0.464,11.275,0.066,0.099,leadership_governance,operational_excellence,8.556,1.89,6.798,0.638,19.59,32.6,0.9351,diversity_inclusion|leadership_governance|integrity_responsibility|profitable_growth,leadership_governance,balanced,"Apple emphasizes strong corporate governance through independent board oversight, pay equity, diversity in leadership, and performance-based accountability to shareholders while maintaining ethical practices and transparency in risk management and decision-making."
AAPL,Apple,Technology,2018,DEF 14A,2017-12-27,0001193125-17-380130,35365,1614,2.036,4.553,0.679,6.786,2.177,4.439,0.452,0.396,27.343,0.283,9.388,0.0,0.141,leadership_governance,people_talent,6.871,1.301,6.617,0.682,21.91,34.1,0.9548,leadership_governance|diversity_inclusion|profitable_growth,leadership_governance,shareholder_primacy,"Apple emphasizes strong corporate governance through independent committees, board diversity, and performance-based compensation aligned with shareholder returns."
AAPL,Apple,Technology,2019,DEF 14A,2019-01-08,0001193125-19-004664,25750,1251,2.058,7.301,0.893,2.874,3.262,4.311,0.466,0.427,29.204,0.272,10.175,0.039,0.155,leadership_governance,operational_excellence,7.612,1.515,6.874,0.668,20.58,33.1,0.9598,leadership_governance|profitable_growth|integrity_responsibility,leadership_governance,shareholder_primacy,"Apple emphasizes sound corporate governance, board independence, rigorous oversight processes, and alignment of executive compensation with long-term shareholder value creation."
AAPL,Apple,Technology,2020,DEF 14A,2020-01-03,0001193125-20-001450,27105,1390,2.583,6.493,0.922,2.988,2.804,3.616,0.406,1.882,26.268,0.553,9.186,0.0,0.258,leadership_governance,operational_excellence,8.559,1.55,6.346,0.693,19.5,34.2,0.9874,leadership_governance|diversity_inclusion|people_talent|community_social_good|environmental_stewardship|profitable_growth,leadership_governance,balanced,"Apple emphasizes strong corporate governance, board independence and oversight, diverse and inclusive hiring practices, community responsibility, and environmental stewardship alongside shareholder value creation through long-term equity compensation tied to performance."
AAPL,Apple,Technology,2021,DEF 14A,2021-01-05,0001193125-21-001987,27454,1405,3.533,6.01,1.202,3.642,3.351,4.444,0.983,1.348,29.176,0.911,8.705,0.073,0.328,leadership_governance,operational_excellence,9.434,1.166,6.484,0.78,19.54,32.8,0.9894,safety|leadership_governance|integrity_responsibility|people_talent|diversity_inclusion|community_social_good|human_progress_wellbeing|profitable_growth,leadership_governance,balanced,"Apple emphasizes robust corporate governance, risk oversight, and Board accountability while balancing shareholder value creation with commitments to employee safety, diversity, human rights, and community responsibility."
AAPL,Apple,Technology,2022,DEF 14A,2022-01-06,0001193125-22-003583,54260,2337,3.299,4.571,0.958,4.994,5.068,3.483,1.198,1.401,22.374,0.977,6.395,0.295,0.258,leadership_governance,diversity_inclusion,9.307,1.99,7.667,0.648,23.22,30.3,0.9362,integrity_responsibility|diversity_inclusion|environmental_stewardship|community_social_good|people_talent|leadership_governance|customer_client_focus|human_progress_wellbeing,diversity_inclusion,stakeholder_oriented,"Apple foregrounds its commitment to accessibility, education, environmental sustainability, inclusion and diversity, privacy, supplier responsibility, and equitable treatment of employees and communities as core values alongside shareholder value delivery."
AAPL,Apple,Technology,2023,DEF 14A,2023-01-12,0001308179-23-000019,42829,1935,3.199,4.903,1.448,4.133,7.121,3.386,1.471,1.798,31.637,1.448,10.414,0.304,0.187,leadership_governance,diversity_inclusion,11.861,1.634,6.514,0.758,22.13,25.7,0.9344,leadership_governance|diversity_inclusion|people_talent|integrity_responsibility|environmental_stewardship|profitable_growth,leadership_governance,balanced,"Apple emphasizes strong corporate governance, board independence, and active oversight of diversity, inclusion, environmental sustainability, and employee talent management alongside shareholder interests."
AAPL,Apple,Technology,2024,DEF 14A,2024-01-11,0001308179-24-000010,43625,1874,3.966,5.433,2.797,5.089,6.877,4.011,1.009,1.719,26.521,1.467,6.808,0.252,0.344,leadership_governance,diversity_inclusion,13.387,1.903,6.579,0.751,23.28,24.6,0.9711,leadership_governance|people_talent|diversity_inclusion|integrity_responsibility|community_social_good|environmental_stewardship|profitable_growth|innovation_science,leadership_governance,balanced,"Apple emphasizes strong corporate governance, board independence, and oversight of employee development, diversity, environmental stewardship, and ethical conduct while maintaining alignment with shareholder interests."
AVGO,Broadcom,Technology,2016,DEF 14A,2016-02-23,0001193125-16-472407,41505,1989,2.819,4.505,2.096,2.458,2.988,4.481,0.072,0.072,24.792,0.145,5.421,0.024,0.072,leadership_governance,operational_excellence,6.361,0.94,6.794,0.743,20.87,33.7,,leadership_governance|integrity_responsibility,leadership_governance,balanced,"The proxy foregrounds strong corporate governance through independent board oversight, transparent director compensation benchmarking against peers, and rigorous audit committee controls to ensure accountability and ethical financial management."
AVGO,Broadcom,Technology,2017,DEF 14A,2017-02-17,0001193125-17-047986,69478,3560,1.727,3.382,2.548,2.36,3.483,3.498,0.043,0.173,13.558,0.302,5.685,0.13,0.072,leadership_governance,customer_client_focus,10.435,4.116,7.355,0.434,19.52,32.6,0.853,leadership_governance|profitable_growth|integrity_responsibility,leadership_governance,shareholder_primacy,"The proxy emphasizes strong corporate governance through independent board leadership, rigorous committee oversight, and executive compensation aligned with shareholder value creation."
AVGO,Broadcom,Technology,2018,DEF 14A,2018-02-20,0001193125-18-050352,74101,3423,1.754,4.791,1.714,1.889,2.942,2.928,0.067,0.175,13.185,0.351,7.139,0.054,0.108,leadership_governance,operational_excellence,10.013,4.521,7.044,0.378,21.65,30.7,0.9403,leadership_governance|profitable_growth|integrity_responsibility,leadership_governance,shareholder_primacy,"Broadcom emphasizes strong independent board governance, rigorous oversight of management and auditing, and CEO compensation tied to shareholder returns and financial performance."
AVGO,Broadcom,Technology,2019,DEF 14A,2019-02-19,0001193125-19-043540,46169,2071,1.928,5.826,1.148,4.224,2.577,3.054,0.087,0.173,20.945,0.282,6.498,0.087,0.022,leadership_governance,operational_excellence,7.776,1.105,6.606,0.751,22.29,34.3,0.6983,leadership_governance|profitable_growth,leadership_governance,shareholder_primacy,"The company emphasizes strong corporate governance structures, board independence, and risk oversight while prioritizing long-term stockholder returns and value creation."
AVGO,Broadcom,Technology,2020,DEF 14A,2020-02-18,0001730168-20-000020,31751,1486,1.921,8.945,1.543,2.74,4.661,4.094,0.094,0.315,27.621,0.252,7.496,0.094,0.031,leadership_governance,operational_excellence,9.417,0.945,6.425,0.818,21.37,33.4,0.9001,leadership_governance|profitable_growth,leadership_governance,balanced,"Broadcom emphasizes strong independent board leadership, robust risk management oversight, and transparent governance structures designed to serve both stockholder interests and the long-term health of the company through sound decision-making and accountability practices."
AVGO,Broadcom,Technology,2021,DEF 14A,2021-02-19,0001730168-21-000017,51840,2261,1.466,7.812,0.907,2.739,5.44,4.205,0.251,0.444,18.634,0.212,6.385,0.058,0.058,leadership_governance,operational_excellence,8.237,1.1,7.639,0.764,22.93,33.9,0.8624,leadership_governance|integrity_responsibility|profitable_growth|people_talent|diversity_inclusion,leadership_governance,balanced,"Broadcom emphasizes strong corporate governance, responsible conduct, shareholder returns, employee talent development, and diversity and inclusion as core elements of its business strategy and Board oversight."
AVGO,Broadcom,Technology,2022,DEF 14A,2022-02-18,0001730168-22-000012,32207,1507,2.204,9.812,1.677,3.384,4.409,4.471,0.279,0.9,28.286,0.279,9.718,0.124,0.155,leadership_governance,operational_excellence,11.861,0.994,6.8,0.845,21.37,32.7,0.9281,leadership_governance|profitable_growth|integrity_responsibility|diversity_inclusion,leadership_governance,balanced,"Broadcom emphasizes strong corporate governance, shareholder returns, ethical conduct, and board diversity as foundational to long-term stakeholder value creation for stockholders, workforce, customers and communities alike."
AVGO,Broadcom,Technology,2023,DEF 14A,2023-02-17,0001140361-23-007640,47974,2046,1.73,7.608,1.292,2.751,4.815,4.086,0.167,0.625,21.032,0.188,7.754,0.125,0.063,leadership_governance,operational_excellence,9.901,1.001,7.358,0.816,23.45,32.5,0.9196,leadership_governance|integrity_responsibility|diversity_inclusion|profitable_growth,leadership_governance,balanced,"Broadcom emphasizes strong, independent corporate governance with board oversight of ESG matters, director independence and diversity, while serving the long-term interests of stockholders, workforce, customers and communities alike."
AVGO,Broadcom,Technology,2024,DEF 14A,2024-02-26,0001140361-24-009541,31877,1535,2.29,9.38,2.008,3.419,3.921,2.886,0.376,1.004,28.139,0.282,9.944,0.125,0.125,leadership_governance,operational_excellence,12.893,0.722,5.929,0.894,20.77,31.8,0.8787,leadership_governance|integrity_responsibility|diversity_inclusion|profitable_growth,leadership_governance,balanced,"Broadcom emphasizes strong, independent corporate governance with board oversight of risks and strategic direction, while committing to serving the long-term interests of stockholders, workforce, customers and communities."
CRM,Salesforce,Technology,2016,DEF 14A,2016-04-21,0001193125-16-550325,34814,1506,1.925,3.906,1.35,3.217,3.878,3.275,0.546,0.144,28.178,0.144,9.335,0.172,0.057,leadership_governance,operational_excellence,8.847,1.235,6.951,0.755,23.12,27.2,,leadership_governance|integrity_responsibility|profitable_growth,leadership_governance,shareholder_primacy,"Salesforce emphasizes strong, independent board governance and sound corporate oversight structures designed to ensure accountability and long-term stockholder value creation."
CRM,Salesforce,Technology,2017,DEF 14A,2017-04-26,0001193125-17-139646,76640,2945,1.213,6.028,0.9,4.554,2.453,2.597,0.352,0.287,15.775,0.091,7.137,0.117,0.013,leadership_governance,operational_excellence,7.842,1.305,8.716,0.715,26.02,30.1,0.7826,leadership_governance|integrity_responsibility|diversity_inclusion|profitable_growth,leadership_governance,shareholder_primacy,"The company emphasizes strong corporate governance, board independence, ethical leadership, and diverse director selection while maintaining a leadership structure designed to create long-term stockholder value."
CRM,Salesforce,Technology,2018,DEF 14A,2018-05-02,0001193125-18-148743,80957,2868,1.334,4.731,0.753,2.829,2.804,2.68,0.482,0.395,19.591,0.21,11.562,0.062,0.049,leadership_governance,operational_excellence,6.46,1.668,8.091,0.59,28.23,28.1,0.8959,integrity_responsibility|leadership_governance|profitable_growth|diversity_inclusion|customer_client_focus|community_social_good|environmental_stewardship|people_talent,leadership_governance,balanced,"The company prioritizes ethical management, transparent corporate governance with strong independent oversight, and balanced value creation for stockholders, customers, employees, communities, and the environment."
CRM,Salesforce,Technology,2019,DEF 14A,2019-04-25,0001193125-19-119702,81885,3029,1.233,4.702,0.867,2.821,2.968,2.748,0.44,0.464,20.651,0.208,10.918,0.098,0.061,leadership_governance,operational_excellence,6.534,1.441,7.511,0.639,27.03,29.3,0.9916,leadership_governance|integrity_responsibility|diversity_inclusion|profitable_growth,leadership_governance,balanced,"The company emphasizes strong independent Board governance, ethical leadership, board diversity, and long-term stockholder value creation while considering broader stakeholder interests including customers, employees, community and environment."
CRM,Salesforce,Technology,2020,DEF 14A,2020-05-01,0001193125-20-131040,81543,3305,1.68,4.587,1.251,5.384,2.772,3.078,0.662,0.809,16.715,0.356,7.051,0.147,0.147,leadership_governance,people_talent,8.388,1.141,8.83,0.761,24.67,31.4,0.9067,integrity_responsibility|customer_client_focus|innovation_science|leadership_governance|diversity_inclusion|people_talent|profitable_growth,leadership_governance,balanced,"Salesforce emphasizes trust, customer success, and innovation as core values, supported by strong independent governance, board accountability, diversity and inclusion initiatives, and ethical business practices that align with long-term stockholder value creation."
CRM,Salesforce,Technology,2021,DEF 14A,2021-04-29,0001193125-21-140350,65034,2732,1.876,6.074,1.63,4.628,3.567,3.906,1.015,1.046,18.021,0.446,7.212,0.169,0.231,leadership_governance,operational_excellence,9.641,1.261,8.472,0.769,23.8,30.8,0.9567,integrity_responsibility|leadership_governance|customer_client_focus|innovation_science|people_talent|diversity_inclusion|community_social_good|environmental_stewardship|profitable_growth,leadership_governance,balanced,"Salesforce emphasizes strong corporate governance, ethical conduct, and stakeholder consideration alongside shareholder value, with trust as a foundational value guiding its leadership, customer service, and innovation efforts."
CRM,Salesforce,Technology,2022,DEF 14A,2022-04-28,0001193125-22-127612,83048,3522,1.782,4.696,1.421,5.238,3.564,2.962,0.819,1.168,17.749,0.337,6.575,0.144,0.108,leadership_governance,people_talent,9.139,1.312,8.67,0.749,23.58,32.1,0.9536,leadership_governance|integrity_responsibility|diversity_inclusion|profitable_growth,leadership_governance,shareholder_primacy,"Salesforce emphasizes strong independent board oversight, ethical conduct, and diversity initiatives while maintaining a leadership structure designed to drive long-term shareholder value."
CRM,Salesforce,Technology,2023,DEF 14A,2023-04-27,0001193125-23-122123,72502,2793,2.248,6.221,1.628,3.972,3.545,3.669,0.51,1.655,24.965,0.303,7.958,0.124,0.083,leadership_governance,operational_excellence,11.489,1.572,8.165,0.759,25.96,26.2,0.9434,leadership_governance|integrity_responsibility|operational_excellence|profitable_growth|environmental_stewardship,leadership_governance,balanced,"Salesforce emphasizes strong independent board governance, ethical conduct, operational efficiency, shareholder value creation, and environmental sustainability as core to long-term company success."
CRM,Salesforce,Technology,2024,DEF 14A,2024-05-16,0001193125-24-140549,77028,2917,2.272,6.582,1.753,4.025,3.752,3.765,0.415,1.584,21.771,0.428,8.413,0.169,0.13,leadership_governance,operational_excellence,12.268,1.779,8.503,0.747,26.41,24.6,0.9696,leadership_governance|diversity_inclusion|people_talent|integrity_responsibility|environmental_stewardship,leadership_governance,balanced,"Salesforce emphasizes strong independent board governance, diversity and inclusion initiatives, employee development, ethical conduct, and environmental sustainability as core organizational values."
GOOGL,Alphabet,Technology,2016,DEF 14A,2016-04-29,0001308179-16-000384,47968,2010,3.044,3.648,1.876,4.982,2.981,4.19,0.208,0.25,34.419,0.063,8.61,0.063,0.042,leadership_governance,people_talent,7.901,1.751,6.984,0.637,23.86,30.7,,leadership_governance|profitable_growth,leadership_governance,shareholder_primacy,"The company emphasizes strong corporate governance through independent board oversight, rigorous committee structures, and director compensation aligned with shareholder interests."
GOOGL,Alphabet,Technology,2017,DEF 14A,2017-04-28,0001308179-17-000170,47315,2111,3.065,3.487,2.092,4.924,3.107,4.079,0.761,0.275,31.068,0.232,8.369,0.106,0.063,leadership_governance,people_talent,8.686,1.881,6.932,0.644,22.41,31.6,0.9908,leadership_governance|integrity_responsibility|profitable_growth,leadership_governance,shareholder_primacy,"Alphabet emphasizes strong corporate governance through independent board oversight, transparent committee structures, and compensation alignment with shareholder interests."
GOOGL,Alphabet,Technology,2018,DEF 14A,2018-04-27,0001308179-18-000222,46759,2052,2.759,3.486,2.032,4.833,3.85,4.149,0.214,0.77,31.074,0.15,9.004,0.128,0.064,leadership_governance,people_talent,7.998,2.032,6.779,0.595,22.79,31.6,0.9934,leadership_governance|diversity_inclusion|profitable_growth,leadership_governance,shareholder_primacy,"Alphabet emphasizes strong corporate governance through independent board oversight, rigorous director selection and evaluation processes, and compensation structures designed to align director and shareholder interests, while also recognizing diversity as a governance and business imperative."
GOOGL,Alphabet,Technology,2019,DEF 14A,2019-04-30,0001308179-19-000205,52586,2341,3.385,1.826,2.415,6.142,3.689,3.955,0.361,0.875,32.803,0.551,7.835,0.133,0.285,leadership_governance,people_talent,8.805,2.624,7.264,0.541,22.46,30.8,0.973,leadership_governance|diversity_inclusion|integrity_responsibility|profitable_growth,leadership_governance,balanced,"Alphabet emphasizes strong corporate governance through independent board oversight, risk management, and compensation alignment with shareholders, while also committing to diversity, inclusion, and ethical integrity in leadership and operations."
GOOGL,Alphabet,Technology,2020,DEF 14A,2020-04-24,0001308179-20-000203,49496,2099,3.152,1.919,2.667,5.556,3.495,4.425,0.263,1.01,34.831,0.364,7.839,0.101,0.121,leadership_governance,people_talent,8.748,2.142,7.213,0.607,23.58,30.3,0.9741,leadership_governance|integrity_responsibility|diversity_inclusion|profitable_growth,leadership_governance,shareholder_primacy,"The company emphasizes strong corporate governance, board independence, diversity, and accountability structures designed to promote long-term stockholder value creation."
GOOGL,Alphabet,Technology,2021,DEF 14A,2021-04-23,0001308179-21-000256,50256,2083,4.497,1.751,2.686,4.596,2.865,4.397,1.333,2.01,32.812,0.517,8.059,0.219,0.06,leadership_governance,people_talent,9.054,1.87,7.323,0.658,24.13,28.7,0.976,leadership_governance|integrity_responsibility|diversity_inclusion|profitable_growth,leadership_governance,balanced,"Alphabet emphasizes strong corporate governance through independent board oversight, transparency, and accountability while committing to diversity, integrity, and alignment of director interests with shareholder value creation."
GOOGL,Alphabet,Technology,2022,DEF 14A,2022-04-22,0001308179-22-000262,75618,2805,4.126,2.023,2.513,3.28,3.557,3.557,0.608,3.65,26.065,0.582,9.151,0.238,0.37,leadership_governance,integrity_responsibility,8.953,2.605,8.173,0.549,26.96,24.7,0.9526,leadership_governance|diversity_inclusion|people_talent|environmental_stewardship|integrity_responsibility,leadership_governance,balanced,"Alphabet emphasizes strong independent board governance, diversity and inclusion in leadership, human capital management, environmental oversight, and alignment of director interests with shareholder value through robust committee structures and compensation practices."
GOOGL,Alphabet,Technology,2023,DEF 14A,2023-04-21,0001308179-23-000736,67816,2667,5.058,3.126,2.728,2.846,2.448,3.937,0.457,2.3,26.012,0.752,9.128,0.31,0.59,leadership_governance,integrity_responsibility,8.833,2.595,7.55,0.546,25.43,24.2,0.9674,leadership_governance|profitable_growth|diversity_inclusion|people_talent|integrity_responsibility|environmental_stewardship,leadership_governance,balanced,"Alphabet emphasizes robust corporate governance with independent Board oversight, director accountability to stockholders, and balanced attention to ESG topics including diversity, human capital, and environmental sustainability."
GOOGL,Alphabet,Technology,2024,DEF 14A,2024-04-26,0001308179-24-000612,55133,2427,5.387,2.902,3.646,3.392,2.594,3.845,1.034,2.485,31.342,1.596,9.015,0.272,1.524,leadership_governance,integrity_responsibility,8.253,3.065,9.45,0.458,22.72,25.0,0.9366,leadership_governance|profitable_growth|integrity_responsibility|people_talent|diversity_inclusion|environmental_stewardship,leadership_governance,shareholder_primacy,"Alphabet emphasizes strong independent board governance, robust oversight structures, and alignment of director compensation with shareholder interests to protect long-term stockholder value."
IBM,IBM,Technology,2016,DEF 14A,2016-03-07,0001104659-16-102981,42306,2486,2.127,3.853,1.395,5.106,1.466,7.186,0.26,0.213,22.361,0.662,5.673,0.213,0.071,leadership_governance,customer_client_focus,12.197,1.395,5.2,0.795,17.02,37.4,,leadership_governance|integrity_responsibility|profitable_growth,leadership_governance,balanced,"IBM emphasizes strong, independent board governance and oversight structures to protect shareholder interests while maintaining ethical accountability and sound management practices."
IBM,IBM,Technology,2017,DEF 14A,2017-03-13,0001104659-17-016116,46020,2648,1.977,3.846,1.13,4.628,1.456,6.845,0.152,0.217,19.1,0.478,6.236,0.217,0.065,leadership_governance,customer_client_focus,12.495,1.478,5.389,0.788,17.38,37.2,0.9936,leadership_governance|integrity_responsibility|profitable_growth,leadership_governance,shareholder_primacy,"IBM emphasizes strong corporate governance, board accountability to shareholders, and sound management oversight to ensure long-term shareholder interests and responsible stewardship."
IBM,IBM,Technology,2018,DEF 14A,2018-03-12,0001104659-18-016710,47168,2658,2.735,4.728,1.399,4.685,1.738,6.509,0.233,0.657,23.045,0.509,7.123,0.276,0.064,leadership_governance,customer_client_focus,12.381,1.187,5.194,0.825,17.75,35.7,0.9858,leadership_governance|integrity_responsibility|community_social_good|environmental_stewardship|profitable_growth,leadership_governance,balanced,"IBM emphasizes strong, independent corporate governance and board oversight while balancing accountability to shareholders with commitments to environmental leadership, social responsibility, and ethical conduct across its global operations."
IBM,IBM,Technology,2019,DEF 14A,2019-03-11,0001104659-19-013856,52249,2786,2.947,5.665,2.01,4.766,2.316,6.201,0.345,1.167,25.627,0.651,6.871,0.268,0.077,leadership_governance,customer_client_focus,12.689,1.091,5.302,0.842,18.75,33.3,0.9899,leadership_governance|diversity_inclusion|integrity_responsibility|environmental_stewardship|community_social_good,leadership_governance,balanced,"IBM emphasizes strong independent board governance, diversity and inclusion, ethical leadership, and corporate responsibility across environmental, social, and sustainability matters as integral to long-term performance."
IBM,IBM,Technology,2020,DEF 14A,2020-03-09,0001193125-20-067199,51982,2802,3.347,4.848,2.193,4.713,2.116,6.118,0.385,1.27,26.625,0.673,7.272,0.366,0.115,leadership_governance,customer_client_focus,13.832,1.116,4.732,0.851,18.55,34.1,0.9886,environmental_stewardship|leadership_governance|integrity_responsibility|diversity_inclusion|people_talent|community_social_good|profitable_growth,leadership_governance,balanced,"IBM emphasizes strong independent governance, environmental leadership, diversity and inclusion, ethical culture, and sustainable value creation for both shareholders and stakeholders."
IBM,IBM,Technology,2021,DEF 14A,2021-03-08,0001193125-21-073223,54978,2911,2.91,5.238,2.146,5.475,3.565,5.948,0.546,1.728,23.191,0.819,6.439,0.455,0.2,leadership_governance,customer_client_focus,13.751,0.982,4.693,0.867,18.89,33.9,0.9866,environmental_stewardship|diversity_inclusion|leadership_governance|integrity_responsibility|community_social_good|people_talent,leadership_governance,stakeholder_oriented,"IBM emphasizes strong independent governance, environmental sustainability, diversity and inclusion, and corporate social responsibility as integral to serving all stakeholders including employees, communities, and the environment alongside shareholder interests."
IBM,IBM,Technology,2022,DEF 14A,2022-03-07,0001104659-22-031075,49741,2550,3.237,4.162,2.312,5.307,3.538,5.87,0.663,1.93,25.371,0.784,6.132,0.362,0.181,leadership_governance,customer_client_focus,13.108,1.427,4.825,0.804,19.51,32.5,0.9801,leadership_governance|integrity_responsibility|diversity_inclusion|environmental_stewardship|community_social_good,leadership_governance,balanced,"IBM emphasizes strong independent board governance, ethical business culture, diversity and inclusion in leadership, environmental sustainability, and corporate social responsibility as core to its long-term strategy and stakeholder trust."
IBM,IBM,Technology,2023,DEF 14A,2023-03-06,0001104659-23-029014,52176,2682,3.852,4.274,2.607,4.772,2.664,5.692,0.537,2.032,24.973,0.862,5.865,0.441,0.172,leadership_governance,customer_client_focus,13.071,1.246,5.29,0.826,19.45,32.7,0.9938,integrity_responsibility|leadership_governance|diversity_inclusion|environmental_stewardship|people_talent|innovation_science|community_social_good,leadership_governance,balanced,"IBM emphasizes strong independent board governance, ethics, accountability, and diversity while advancing environmental sustainability and employee well-being through science-based innovation."
IBM,IBM,Technology,2024,DEF 14A,2024-03-11,0001104659-24-032641,48916,2592,4.109,4.6,3.189,3.434,2.412,5.356,0.491,5.295,23.775,0.552,7.339,0.368,0.164,leadership_governance,customer_client_focus,12.9,1.554,4.947,0.785,18.87,32.8,0.9924,leadership_governance|integrity_responsibility|environmental_stewardship|diversity_inclusion|profitable_growth,leadership_governance,balanced,"IBM emphasizes strong independent board governance, ethical conduct and trust, environmental sustainability commitments, and director diversity while maintaining focus on long-term shareholder value."
INTC,Intel,Technology,2016,DEF 14A,2016-04-04,0001193125-16-528154,37797,2068,2.937,5.477,2.302,3.334,3.36,4.551,0.661,0.767,32.595,0.159,10.503,0.159,0.026,leadership_governance,operational_excellence,10.9,2.249,6.588,0.658,18.28,33.2,,innovation_science|leadership_governance|diversity_inclusion|environmental_stewardship|profitable_growth|integrity_responsibility|operational_excellence,leadership_governance,balanced,"Intel emphasizes strong corporate governance, technological innovation, and environmental sustainability as foundational to creating value for stockholders, customers, and society while maintaining operational excellence and diversity in leadership."
INTC,Intel,Technology,2017,DEF 14A,2017-04-06,0001193125-17-112133,57233,2862,2.516,5.154,1.939,3.18,3.163,3.582,0.332,0.594,26.803,0.192,8.754,0.122,0.122,leadership_governance,operational_excellence,9.488,1.887,7.408,0.668,20.0,33.6,0.9148,integrity_responsibility|leadership_governance|diversity_inclusion|environmental_stewardship|community_social_good|operational_excellence,leadership_governance,balanced,"Intel's Board emphasizes corporate responsibility, strong governance, environmental sustainability, diversity and inclusion, and ethical conduct as core to creating value for both the company and its stakeholders while managing risks and opportunities."
INTC,Intel,Technology,2018,DEF 14A,2018-04-05,0001193125-18-107675,47711,2549,3.71,5.68,2.599,3.982,2.997,4.15,0.566,0.964,31.691,0.671,8.824,0.147,0.21,leadership_governance,operational_excellence,11.716,1.865,6.623,0.725,18.72,32.2,0.934,leadership_governance|integrity_responsibility|diversity_inclusion|environmental_stewardship|community_social_good|people_talent|profitable_growth,leadership_governance,balanced,"Intel emphasizes strong corporate governance, board independence, and accountability while simultaneously committing to environmental sustainability, diversity and inclusion, social responsibility, and employee engagement as integral to creating value for stockholders and society."
INTC,Intel,Technology,2019,DEF 14A,2019-04-03,0001193125-19-095785,70083,3354,2.668,5.493,3.054,4.894,4.908,3.31,0.528,1.199,24.699,0.685,8.19,0.271,0.271,leadership_governance,operational_excellence,11.315,1.555,7.905,0.758,20.9,31.7,0.9148,diversity_inclusion|leadership_governance|integrity_responsibility|people_talent|environmental_stewardship|community_social_good|profitable_growth,leadership_governance,balanced,"Intel emphasizes strong corporate governance, board diversity, environmental sustainability, and inclusive workplace practices as core values that create value for both stakeholders and shareholders through risk mitigation, cost reduction, and innovation."
INTC,Intel,Technology,2020,DEF 14A,2020-03-31,0001193125-20-091451,70042,3102,2.884,7.081,3.198,5.825,4.94,3.584,0.443,1.385,23.857,0.785,7.396,0.286,0.271,leadership_governance,operational_excellence,14.02,1.613,6.582,0.794,22.58,28.8,0.9415,diversity_inclusion|leadership_governance|integrity_responsibility|people_talent|community_social_good|environmental_stewardship|profitable_growth|operational_excellence,leadership_governance,balanced,"Intel emphasizes strong board governance, diversity and inclusion, corporate responsibility, stakeholder engagement, and operational excellence alongside shareholder value creation."
INTC,Intel,Technology,2021,DEF 14A,2021-03-30,0001193125-21-098458,63788,3156,3.715,6.694,4.17,5.769,6.71,3.731,0.768,1.709,23.672,1.348,8.309,0.267,0.47,leadership_governance,diversity_inclusion,15.018,1.819,5.942,0.784,20.21,29.9,0.9432,diversity_inclusion|people_talent|environmental_stewardship|leadership_governance|integrity_responsibility|community_social_good|safety|profitable_growth,diversity_inclusion,balanced,"Intel emphasizes building a diverse, inclusive, and safe workforce while advancing environmental sustainability and corporate responsibility as core values that attract talent, mitigate risks, and create long-term value for shareholders and stakeholders alike."
INTC,Intel,Technology,2022,DEF 14A,2022-03-30,0000050863-22-000011,85394,3652,2.647,6.148,3.806,5.399,6.183,3.396,0.597,1.23,25.868,0.984,8.139,0.269,0.258,leadership_governance,diversity_inclusion,13.502,1.686,6.394,0.778,23.38,27.8,0.9306,leadership_governance|diversity_inclusion|people_talent|community_social_good|environmental_stewardship|profitable_growth|operational_excellence,leadership_governance,balanced,"Intel emphasizes independent board leadership with diverse skills and experiences, strong governance practices, stockholder engagement, human capital development, and environmental sustainability to support long-term business success."
INTC,Intel,Technology,2023,DEF 14A,2023-03-31,0000050863-23-000021,83822,3436,2.947,6.395,3.161,5.404,4.999,3.841,0.453,1.682,28.322,0.883,7.707,0.155,0.286,leadership_governance,operational_excellence,13.684,1.992,6.514,0.746,24.4,26.4,0.9507,integrity_responsibility|people_talent|diversity_inclusion|leadership_governance|environmental_stewardship|community_social_good|customer_client_focus,people_talent,stakeholder_oriented,"Intel emphasizes building an inclusive, diverse, and engaged workforce with strong governance oversight of corporate responsibility, sustainability, and human capital as core drivers of innovation and long-term value creation."
INTC,Intel,Technology,2024,DEF 14A,2024-03-28,0000050863-24-000057,61587,2755,3.751,7.68,3.605,5.699,4.108,3.507,0.877,1.413,29.795,1.559,8.216,0.146,0.292,leadership_governance,operational_excellence,15.555,1.705,6.43,0.802,22.35,25.8,0.9443,leadership_governance|diversity_inclusion|integrity_responsibility|profitable_growth,leadership_governance,balanced,"Intel emphasizes strong corporate governance with independent leadership, board diversity and accountability, combined with shareholder rights and strategic alignment with long-term stockholder interests and broader corporate responsibility oversight."
META,Meta Platforms,Technology,2016,DEF 14A,2016-06-02,0001326801-16-000074,119604,4478,2.291,2.567,0.418,2.584,2.065,2.859,0.334,0.393,18.921,0.059,7.165,0.042,0.067,leadership_governance,customer_client_focus,4.59,1.313,6.672,0.555,26.71,34.7,,leadership_governance,leadership_governance,shareholder_primacy,The proxy foregrounds strong corporate governance through the election of qualified directors and the ratification of independent auditors to ensure sound oversight and accountability to shareholders.
META,Meta Platforms,Technology,2017,DEF 14A,2017-04-14,0001326801-17-000016,27814,1481,4.566,2.337,1.258,2.301,3.775,5.752,0.36,0.288,31.998,0.252,6.975,0.108,0.144,leadership_governance,customer_client_focus,6.364,1.69,6.759,0.58,18.78,38.4,0.69,people_talent|profitable_growth|leadership_governance,people_talent,balanced,Facebook emphasizes competitive executive compensation and equity incentives designed to recruit and retain top talent while aligning executive interests with long-term shareholder value creation and maintaining strong corporate governance practices.
META,Meta Platforms,Technology,2018,DEF 14A,2018-04-13,0001326801-18-000022,29566,1547,4.769,2.063,1.319,2.976,3.619,5.513,0.609,0.169,32.334,0.271,7.137,0.169,0.169,leadership_governance,customer_client_focus,5.919,2.063,8.489,0.483,19.11,37.0,0.9861,diversity_inclusion|people_talent|integrity_responsibility|leadership_governance,diversity_inclusion,stakeholder_oriented,"Facebook emphasizes its commitment to diversity and inclusion in the workplace, particularly gender diversity and representation of underrepresented groups, while maintaining pay equity and supporting employee development through comprehensive programs and training initiatives."
META,Meta Platforms,Technology,2019,DEF 14A,2019-04-12,0001326801-19-000025,37986,2004,3.791,2.001,1.079,3.133,4.739,5.028,1.974,0.632,37.83,0.421,7.24,0.211,0.395,leadership_governance,customer_client_focus,6.45,2.027,9.003,0.522,18.96,35.9,0.974,leadership_governance|integrity_responsibility|safety,leadership_governance,balanced,"Facebook emphasizes rigorous board oversight of risk management across financial, compliance, privacy, security, and operational areas as foundational to sound corporate governance, while acknowledging past failures in safety and trust that demand accountability to customers and broader communities."
META,Meta Platforms,Technology,2020,DEF 14A,2020-04-10,0001326801-20-000037,45446,2188,2.861,1.496,1.232,4.159,5.347,6.139,1.65,0.638,42.622,0.704,6.051,0.176,0.528,leadership_governance,customer_client_focus,7.107,1.848,8.956,0.587,20.77,33.3,0.942,leadership_governance|integrity_responsibility,leadership_governance,balanced,"Facebook emphasizes strong board governance, risk oversight, and director compensation practices to attract qualified leadership and ensure accountability to shareholders and stakeholders alike."
META,Meta Platforms,Technology,2021,DEF 14A,2021-04-09,0001326801-21-000022,49413,2247,3.076,1.842,1.902,3.967,4.553,6.253,2.186,2.064,41.325,0.951,5.606,0.04,0.87,leadership_governance,customer_client_focus,8.136,2.105,8.621,0.589,21.99,30.6,0.9536,leadership_governance|environmental_stewardship|integrity_responsibility|innovation_science,leadership_governance,balanced,"Facebook emphasizes strong corporate governance with independent board oversight, environmental sustainability commitments, and responsible business practices across its operations and value chain."
META,Meta Platforms,Technology,2022,DEF 14A,2022-04-08,0001326801-22-000043,49188,2355,3.415,1.708,2.257,3.212,3.598,5.062,2.948,1.423,36.96,1.138,6.099,0.061,1.362,leadership_governance,customer_client_focus,7.929,3.111,9.169,0.436,20.89,29.7,0.9252,leadership_governance|profitable_growth,leadership_governance,balanced,Meta emphasizes strong independent board oversight and governance structures while highlighting how combined Chairman-CEO leadership with a powerful Lead Independent Director role supports effective decision-making and shareholder value creation.
META,Meta Platforms,Technology,2023,DEF 14A,2023-04-14,0001326801-23-000050,55651,2558,4.313,1.941,2.138,3.055,2.498,4.888,1.887,2.228,33.135,1.276,5.876,0.072,1.869,leadership_governance,customer_client_focus,8.733,2.965,9.254,0.493,21.76,27.9,0.9563,leadership_governance|integrity_responsibility,leadership_governance,balanced,"The company emphasizes strong corporate governance through independent board oversight, clear committee structures, and robust risk management to support long-term shareholder success while maintaining accountability and transparency."
META,Meta Platforms,Technology,2024,DEF 14A,2024-04-19,0001326801-24-000034,74616,3250,3.846,2.573,2.359,2.788,2.158,3.645,1.166,1.849,28.667,0.925,5.843,0.027,1.595,leadership_governance,integrity_responsibility,8.095,2.412,9.046,0.541,22.96,29.4,0.9372,leadership_governance|integrity_responsibility,leadership_governance,balanced,"The company emphasizes strong corporate governance through balanced leadership structures, independent board oversight, and rigorous committee oversight of financial, risk, and compliance matters."
MSFT,Microsoft,Technology,2016,DEF 14A,2015-10-19,0001206774-15-003229,30828,1582,3.374,5.969,2.66,2.433,2.238,6.131,0.519,0.714,44.797,0.519,7.785,0.162,0.032,leadership_governance,customer_client_focus,10.607,1.719,4.476,0.721,19.49,24.6,,leadership_governance|integrity_responsibility|diversity_inclusion|profitable_growth,leadership_governance,shareholder_primacy,"Microsoft's governance framework emphasizes strong Board independence, oversight, accountability, and alignment with shareholder interests through robust corporate governance structures and risk management."
MSFT,Microsoft,Technology,2017,DEF 14A,2016-10-18,0001193125-16-740758,42407,1991,3.514,5.376,1.721,2.948,1.981,4.598,1.25,0.566,31.504,0.566,8.89,0.141,0.024,leadership_governance,operational_excellence,11.743,1.58,5.754,0.763,21.3,27.8,0.8858,leadership_governance|integrity_responsibility|profitable_growth|diversity_inclusion,leadership_governance,shareholder_primacy,"Microsoft emphasizes strong corporate governance, board independence, accountability, and shareholder returns as core to its leadership structure and long-term strategy."
MSFT,Microsoft,Technology,2018,DEF 14A,2017-10-16,0001193125-17-310951,49910,2159,3.326,6.812,1.162,3.847,2.144,4.829,0.641,0.561,29.393,0.561,6.932,0.06,0.04,leadership_governance,operational_excellence,10.579,1.162,6.532,0.802,23.12,28.5,0.9075,leadership_governance|integrity_responsibility|profitable_growth|diversity_inclusion,leadership_governance,balanced,"Microsoft emphasizes strong independent board governance, transparency, director diversity, and accountability mechanisms while balancing shareholder returns with responsible oversight and stakeholder engagement."
MSFT,Microsoft,Technology,2019,DEF 14A,2018-10-16,0001193125-18-300115,31574,1548,4.972,7.031,1.742,3.579,2.914,6.208,1.172,1.013,38.228,0.348,7.348,0.127,0.127,leadership_governance,operational_excellence,11.687,1.299,5.669,0.8,20.4,25.2,0.8968,leadership_governance|integrity_responsibility|diversity_inclusion|customer_client_focus|environmental_stewardship|people_talent|profitable_growth,leadership_governance,balanced,"Microsoft emphasizes strong corporate governance, board independence, and accountability to multiple stakeholders including shareholders, customers, employees, and society, while maintaining financial performance and trust through ethical practices and diversity."
MSFT,Microsoft,Technology,2020,DEF 14A,2019-10-16,0001193125-19-268531,34775,1878,4.17,5.895,1.294,5.464,4.083,5.665,0.863,0.834,43.968,0.604,7.62,0.144,0.144,leadership_governance,operational_excellence,11.186,1.524,4.601,0.76,18.52,28.1,0.9675,leadership_governance|diversity_inclusion|integrity_responsibility|profitable_growth,leadership_governance,balanced,"Microsoft emphasizes strong independent board oversight, diverse director qualifications, rigorous governance practices, and alignment with shareholder long-term interests as core to accountability and value creation."
MSFT,Microsoft,Technology,2021,DEF 14A,2020-10-19,0001193125-20-272025,37045,1684,4.157,6.938,2.052,4.616,2.807,5.345,1.053,1.62,41.814,1.08,8.53,0.135,0.216,leadership_governance,operational_excellence,12.498,1.134,4.697,0.834,22.0,23.8,0.9872,leadership_governance|diversity_inclusion|integrity_responsibility|people_talent,leadership_governance,balanced,"Microsoft emphasizes strong corporate governance through board independence, rigorous oversight, director diversity and complementary expertise, and accountability mechanisms that serve both shareholder and broader stakeholder interests."
MSFT,Microsoft,Technology,2022,DEF 14A,2021-10-14,0001193125-21-298757,50209,2269,3.983,4.999,2.33,6.134,4.023,4.402,0.777,1.554,34.496,1.175,6.991,0.179,0.319,leadership_governance,people_talent,12.249,1.673,5.875,0.76,22.13,24.8,0.9515,leadership_governance|diversity_inclusion|people_talent|community_social_good|profitable_growth,leadership_governance,balanced,"Microsoft emphasizes strong independent Board governance, director diversity, and accountability for diversity and inclusion outcomes, while aligning executive compensation with long-term shareholder value creation and operational performance including community impact and employee well-being metrics."
MSFT,Microsoft,Technology,2023,DEF 14A,2022-10-27,0001193125-22-270484,44094,2063,4.309,5.806,2.608,4.672,4.445,5.965,0.748,3.356,39.416,1.247,7.28,0.249,0.272,leadership_governance,customer_client_focus,14.9,1.928,5.647,0.771,21.37,23.2,0.9576,leadership_governance|diversity_inclusion|environmental_stewardship|integrity_responsibility|profitable_growth,leadership_governance,balanced,"Microsoft emphasizes strong corporate governance, board independence, and rigorous oversight of environmental, social, and governance matters alongside long-term shareholder value creation and stakeholder accountability."
MSFT,Microsoft,Technology,2024,DEF 14A,2023-10-19,0001193125-23-259247,48568,2302,4.756,5.415,2.224,4.324,2.986,6.053,0.741,2.635,36.506,1.256,6.877,0.268,0.226,leadership_governance,customer_client_focus,12.436,2.203,6.527,0.699,21.1,23.5,0.9809,leadership_governance|diversity_inclusion|integrity_responsibility|profitable_growth|community_social_good|environmental_stewardship|people_talent|safety,leadership_governance,balanced,"Microsoft emphasizes strong corporate governance, board independence, and diversity while advancing environmental, social, and shareholder value creation through rigorous oversight and accountability."
NVDA,NVIDIA,Technology,2016,DEF 14A,2016-04-07,0001045810-16-000229,63742,2141,2.024,5.02,0.784,4.032,2.196,3.577,0.235,0.031,16.143,0.047,4.722,0.094,0.016,leadership_governance,operational_excellence,7.844,1.082,8.911,0.757,29.77,29.8,,leadership_governance|integrity_responsibility|operational_excellence|people_talent|diversity_inclusion|profitable_growth,leadership_governance,balanced,"NVIDIA's proxy emphasizes strong corporate governance, board qualifications and oversight, director diversity and refreshment, while aligning executive compensation with shareholder interests and long-term company performance."
NVDA,NVIDIA,Technology,2017,DEF 14A,2017-04-07,0001045810-17-000063,27322,1258,4.172,4.795,1.903,2.489,3.44,4.319,0.329,0.073,26.206,0.183,6.222,0.22,0.0,leadership_governance,operational_excellence,9.736,1.135,6.515,0.791,21.72,35.1,0.7534,leadership_governance|integrity_responsibility|diversity_inclusion|operational_excellence|profitable_growth,leadership_governance,balanced,"NVIDIA prioritizes strong corporate governance through carefully selected directors with diverse skills and experience, while maintaining sound financial management and shareholder value creation through competitive compensation and performance accountability."
NVDA,NVIDIA,Technology,2018,DEF 14A,2018-04-06,0001045810-18-000047,59945,2085,2.035,4.921,0.751,3.987,1.902,3.57,0.25,0.033,16.432,0.05,4.621,0.067,0.017,leadership_governance,operational_excellence,8.391,1.168,8.808,0.756,28.75,30.5,0.764,leadership_governance|integrity_responsibility|people_talent|diversity_inclusion|innovation_science|profitable_growth,leadership_governance,balanced,"NVIDIA's Board prioritizes sound governance through diverse, qualified directors with integrity and expertise in innovation, technology, and talent management, while maintaining strong financial stewardship for shareholder value."
NVDA,NVIDIA,Technology,2019,DEF 14A,2019-04-12,0001045810-19-000070,27896,1245,3.334,5.485,1.541,2.617,3.119,3.083,0.323,0.215,27.567,0.108,7.456,0.143,0.0,leadership_governance,operational_excellence,9.966,1.255,6.811,0.776,22.41,34.1,0.7729,leadership_governance|integrity_responsibility,leadership_governance,balanced,"NVIDIA emphasizes strong, independent board governance with rigorous oversight, ethical conduct standards, and alignment of director interests with shareholders through stock ownership requirements and robust internal controls."
NVDA,NVIDIA,Technology,2020,DEF 14A,2020-04-29,0001045810-20-000055,59746,2051,2.042,5.122,0.736,4.201,1.875,3.448,0.184,0.1,16.553,0.067,5.071,0.084,0.017,leadership_governance,operational_excellence,8.185,1.222,8.72,0.74,29.13,30.3,0.7734,leadership_governance|integrity_responsibility|profitable_growth,leadership_governance,balanced,"NVIDIA emphasizes strong, independent board governance with robust oversight structures, ethical conduct through its Code of Conduct, and alignment of director and executive interests with long-term shareholder value creation through equity ownership and performance metrics."
NVDA,NVIDIA,Technology,2021,DEF 14A,2021-04-23,0001045810-21-000052,30844,1367,3.534,5.35,3.08,5.123,3.891,3.566,0.875,0.875,26.358,0.584,6.095,0.13,0.13,leadership_governance,operational_excellence,11.153,1.07,6.582,0.825,22.56,32.0,0.777,operational_excellence|innovation_science|leadership_governance|profitable_growth,operational_excellence,shareholder_primacy,"The proxy foregrounds board expertise in operational excellence, innovation, and sound governance as the means to increase shareholder value."
NVDA,NVIDIA,Technology,2022,DEF 14A,2022-04-19,0001045810-22-000067,55837,1964,2.436,5.838,1.469,4.477,2.883,3.85,0.501,0.412,18.357,0.394,5.283,0.107,0.072,leadership_governance,operational_excellence,9.098,1.236,8.31,0.761,28.43,29.0,0.8501,leadership_governance|profitable_growth|people_talent|innovation_science,leadership_governance,balanced,"NVIDIA emphasizes strong board governance, emerging technology expertise, and operational excellence in leadership selection while supporting shareholder value creation through performance-based compensation and talent development."
NVDA,NVIDIA,Technology,2023,DEF 14A,2023-05-08,0001045810-23-000080,36786,1534,4.377,5.845,2.311,5.355,4.132,3.779,0.734,0.816,27.592,0.625,6.715,0.163,0.163,leadership_governance,operational_excellence,10.955,1.06,8.617,0.824,23.98,28.3,0.8225,leadership_governance|people_talent|innovation_science|operational_excellence,leadership_governance,balanced,"The proxy emphasizes strong corporate governance and board expertise in emerging technologies, innovation, and human capital management alongside operational and financial acumen to guide the company's strategic direction and create shareholder value."
NVDA,NVIDIA,Technology,2024,DEF 14A,2024-05-14,0001045810-24-000104,37537,1558,4.209,5.648,2.318,4.529,4.262,3.73,0.639,1.252,27.12,0.453,6.873,0.107,0.08,leadership_governance,operational_excellence,11.988,1.252,8.685,0.811,24.09,29.5,0.9716,leadership_governance|operational_excellence|innovation_science,leadership_governance,balanced,"The proxy emphasizes the board's expertise in corporate governance, operational excellence, and emerging technologies, with directors selected for their strategic leadership capabilities and financial acumen to guide the company's performance and shareholder value creation."
ORCL,Oracle,Technology,2016,DEF 14A,2016-09-23,0001193125-16-718528,39542,2020,2.757,3.111,1.821,3.035,3.009,3.895,0.253,0.177,35.936,0.051,9.686,0.051,0.0,leadership_governance,customer_client_focus,8.447,1.416,8.295,0.713,19.58,34.2,,leadership_governance|integrity_responsibility,leadership_governance,balanced,"Oracle emphasizes strong corporate governance through independent board oversight, rigorous director selection focused on skills and diversity, transparent committee structures, and robust risk management to ensure effective stewardship of the company."
ORCL,Oracle,Technology,2017,DEF 14A,2017-09-28,0001193125-17-297858,56775,2569,2.184,5.161,1.409,3.012,6.306,2.977,0.194,0.123,28.692,0.088,10.304,0.088,0.0,leadership_governance,diversity_inclusion,8.631,1.691,9.106,0.672,22.1,33.1,0.9536,leadership_governance|diversity_inclusion|integrity_responsibility|profitable_growth,leadership_governance,balanced,"Oracle emphasizes strong corporate governance, board independence, director diversity, and accountability structures while maintaining performance-based compensation tied to shareholder returns and business success."
ORCL,Oracle,Technology,2018,DEF 14A,2018-09-26,0001193125-18-283993,44479,2379,2.743,5.261,1.933,3.687,5.868,3.462,0.27,0.202,35.073,0.112,9.465,0.135,0.0,leadership_governance,diversity_inclusion,10.117,1.394,8.521,0.758,18.7,34.6,0.9234,leadership_governance|diversity_inclusion|integrity_responsibility,leadership_governance,balanced,"Oracle emphasizes strong corporate governance through independent board leadership, rigorous oversight processes, and board refreshment while advancing diversity and inclusion as both a governance and business imperative."
ORCL,Oracle,Technology,2019,DEF 14A,2019-09-27,0001193125-19-257430,42065,2328,2.924,4.446,1.926,3.923,5.515,3.542,0.262,0.19,34.97,0.119,8.939,0.19,0.0,leadership_governance,diversity_inclusion,8.939,1.569,8.416,0.701,18.07,35.5,0.9758,leadership_governance|diversity_inclusion|integrity_responsibility,leadership_governance,balanced,"Oracle emphasizes strong corporate governance through board refreshment, director independence, diversity in board composition, and rigorous ethical conduct standards while maintaining shareholder value through effective oversight and accountability structures."
ORCL,Oracle,Technology,2020,DEF 14A,2020-09-18,0001193125-20-249194,60414,2915,2.003,4.403,1.258,3.393,5.876,3.228,0.215,0.199,28.47,0.083,8.905,0.149,0.05,leadership_governance,diversity_inclusion,7.929,2.036,9.253,0.591,20.73,35.2,0.9321,leadership_governance|diversity_inclusion|integrity_responsibility,leadership_governance,balanced,"Oracle emphasizes strong corporate governance through board independence, committee oversight, regular stockholder engagement, and commitment to board diversity and refreshment as essential to effective stewardship of the company."
ORCL,Oracle,Technology,2021,DEF 14A,2021-09-24,0001193125-21-282422,63427,2937,2.223,4.651,1.309,3.674,6.385,3.122,0.284,0.347,28.174,0.158,9.334,0.173,0.047,leadership_governance,diversity_inclusion,8.167,2.065,9.759,0.596,21.6,32.5,0.9694,leadership_governance|diversity_inclusion|people_talent|environmental_stewardship|integrity_responsibility|profitable_growth,leadership_governance,balanced,"Oracle emphasizes robust corporate governance through independent board leadership, active stockholder engagement, diversity and inclusion initiatives, and comprehensive oversight of environmental, social and governance matters alongside shareholder value creation."
ORCL,Oracle,Technology,2022,DEF 14A,2022-09-23,0001193125-22-250158,41463,2133,2.556,4.992,1.423,3.955,4.824,3.69,0.121,0.41,34.247,0.169,9.864,0.193,0.0,leadership_governance,operational_excellence,8.803,1.568,9.406,0.698,19.44,33.9,0.9389,leadership_governance|diversity_inclusion|integrity_responsibility|people_talent,leadership_governance,balanced,"Oracle emphasizes strong corporate governance through independent board oversight, diversity and inclusion in board composition, ethical conduct standards, and human capital management to drive long-term stockholder value and company success."
ORCL,Oracle,Technology,2023,DEF 14A,2023-09-22,0001193125-23-240594,66663,2997,2.1,4.68,1.17,4.11,5.955,3.18,0.135,0.255,27.497,0.18,9.226,0.195,0.0,leadership_governance,diversity_inclusion,8.895,1.71,9.721,0.678,22.24,31.9,0.9289,leadership_governance|people_talent|diversity_inclusion|integrity_responsibility|profitable_growth,leadership_governance,balanced,"Oracle emphasizes robust independent board oversight, rigorous governance structures, and human capital management with attention to diversity and pay equity alongside shareholder value creation through performance-based compensation."
ORCL,Oracle,Technology,2024,DEF 14A,2024-09-25,0001193125-24-226139,46108,2244,2.928,4.251,1.431,4.208,4.034,3.492,0.087,1.323,32.337,0.174,9.456,0.13,0.022,leadership_governance,operational_excellence,9.152,1.8,9.76,0.671,20.55,31.0,0.9549,leadership_governance|integrity_responsibility|diversity_inclusion|people_talent|environmental_stewardship,leadership_governance,balanced,"Oracle emphasizes strong board independence, robust governance structures, director diversity, human capital management oversight, and ESG responsibility as core pillars of effective corporate stewardship."
